,ID,Syn
0,"Mesh:D000072676,DOID: 0060604","{'Ankyloglossia', 'Partial Ankyloglossia', 'Tongue Tie'},{'ankyloglossia', 'tongue-tie'}"
0,"Mesh:D000343,DOID: 8438","{'Afferent Loop Syndrome'},{'afferent loop syndrome', 'Afferent loop syndrome (disorder)'}"
0,"DOID: 2187,Mesh:D000567","{'amelogenesis imperfecta'},{'Amelogenesis Imperfecta', 'Congenital Enamel Hypoplasia'}"
0,"DOID: 0050591,Mesh:D000848,DOID: 13714","{'familial tooth agenesis', 'tooth agenesis', 'hypodontia', 'selective tooth agenesis', 'oligodontia'},{'Tooth Agenesis, Familial', 'Hypodontia Oligodontia 1', 'Hypodontia', 'Anodontia', 'Tooth Agenesis, Selective, 1'},{'Developmental absence of tooth', 'Total anodontia of permanent and deciduous teeth', 'Complete absence of teeth', 'anodontia'}"
0,"Mesh:D001004,DOID: 3128,DB50.0,Mesh:D005401,DB52","{'Anus Diseases'},{'anus disease', 'Solitary anal ulcer', 'Nontraumatic tear of anus', 'anal fissure and fistula', 'anal disease', 'Ulcer of anus', 'fissure in ano', 'anal ulcer', 'anal fissure'},{'Anal fissure'},{'Anal Ulcer', 'Anal Fissure', 'Fissure in Ano'},{'Ulcer of anus'}"
0,"Mesh:D001064,DOID: 8337,DB10,DB10.0","{'Appendicitis', 'Ruptured Appendicitis', 'Perforated Appendicitis'},{'acute appendicitis with generalized peritonitis', 'appendicitis', 'acute appendicitis with generalized peritonitis (disorder)', 'acute appendicitis with peritoneal abscess (disorder)', 'acute appendicitis', 'acute appendicitis with peritoneal abscess'},{'Appendicitis'},{'Acute appendicitis'}"
0,"DOID: 9206,DA23.0,Mesh:D001471","{""Barrett's esophagus with esophagitis"", 'Barretts syndrome', ""Barrett's oesophagus"", ""Barrett's esophagus"", 'CLE', ""Barrett's ulcer of esophagus"", ""(ulcerative esophagitis) or (Barrett's esophagus)"", 'Barrett esophagus'},{'Barrett epithelium'},{'Esophagus, Barrett', ""Barrett's Esophagus"", ""Barrett's Syndrome"", 'Barrett Metaplasia', 'Barrett Esophagus', 'Barrett Epithelium', 'Barrett Syndrome'}"
0,"DOID: 4138,Mesh:D001649","{'bile duct disorder NOS (disorder)', 'bile duct disease', 'disorder of bile duct (disorder)'},{'Bile Duct Diseases'}"
0,"Mesh:D001651,DOID: 13619","{'Bile Duct Obstruction, Extrahepatic', 'Biliary Stasis, Extrahepatic', 'Extrahepatic Cholestasis', 'Cholestasis, Extrahepatic'},{'extrahepatic biliary Stasis', 'extrahepatic obstructive biliary disease (disorder)', 'extrahepatic cholestasis', 'extrahepatic cholestasis (finding)'}"
0,"Mesh:D001655,DOID: 12237","{'Bile Reflux'},{'bile reflux'}"
0,"Mesh:D046628,Mesh:D001657,DC14.2,DOID: 4140","{'Sphincter of Oddi Dysfunction', 'Sphincter of Oddi Stenosis', 'Sphincter of Oddi Dyskinesia'},{'Biliary Dyskinesia', 'Gallbladder Dyskinesia'},{'Dyskinesia of sphincter of Oddi'},{'sphincter of oddi dysfunction', 'biliary dyskinesia'}"
0,"DOID: 13608,Mesh:D001656","{'Congenital biliary atresia (disorder)', 'biliary atresia, congenital', 'Atresia of bile duct', 'biliary atresia'},{'Idiopathic Extrahepatic Biliary Atresia', 'Biliary Atresia, Extrahepatic', 'Atresia, Biliary', 'Biliary Atresia', 'Familial Extrahepatic Biliary Atresia'}"
0,"DOID: 9741,Mesh:D001660","{'biliary tract disease'},{'Biliary Tract Diseases'}"
0,"Mesh:D001765,DOID: 10606,DA96.00","{'Bacterial Overgrowth Syndrome', 'Blind Loop Syndrome', 'Stagnant Loop Syndrome'},{'Bacterial overgrowth syndrome (disorder)', 'Blind loop syndrome (disorder)', 'Blind loop syndrome', 'blind loop syndrome'},{'Bacterial overgrowth syndrome'}"
0,"DOID: 4331,Mesh:D002054,DA0F.0","{'burning mouth syndrome', 'Stomatopyrosis', 'Orodynia'},{'Burning Mouth Syndrome'},{'Burning mouth syndrome'}"
0,"DOID: 1518,Mesh:D002429","{'cecal disease', 'disorder of cecum (disorder)'},{'Cecal Diseases'}"
0,"Mesh:D002613,DA00.0,DOID: 1762","{'Cheilitis'},{'Cheilitis'},{'cheilitis'}"
0,"DOID: 9446,Mesh:D002761,DC13","{'cholangitis'},{'Cholangitis'},{'Cholangitis'}"
0,"DC12,DOID: 1949,DC12.0,DC12.1,Mesh:D041881,Mesh:D002764,DC12.00","{'Cholecystitis'},{'chronic cholecystitis', 'acute cholecystitis', 'acute and chronic cholecystitis', 'acute and chronic cholecystitis (disorder)', 'cholecystitis', 'acute on chronic cholecystitis', 'acute cholecystitis NOS (disorder)', 'acute cholecystitis unspecified (disorder)', 'chronic cholecystitis (disorder)', 'acute cholecystitis (disorder)'},{'Acute cholecystitis'},{'Chronic cholecystitis'},{'Acute Cholecystitis', 'Cholecystitis, Acute'},{'Gallbladder Inflammation', 'Empyema, Gall Bladder', 'Cholecystitis', 'Empyema, Gallbladder'},{'Acute on chronic cholecystitis'}"
0,"DC11,DOID: 10211,Mesh:D002769","{'Cholelithiasis'},{'cholelithiasis'},{'Cholelithiasis'}"
0,"Mesh:D002779,DC10.02,DOID: 13580","{'Bile Duct Obstruction', 'Cholestasis', 'Biliary Stasis'},{'Obstruction of bile duct'},{'Obstruction of bile duct', 'cholestasis', 'bile occlusion'}"
0,"Mesh:D002780,DOID: 1852","{'Biliary Stasis, Intrahepatic', 'Bile Duct Obstruction, Intrahepatic', 'Intrahepatic Cholestasis', 'Cholestasis, Intrahepatic'},{'intrahepatic cholestasis of pregnancy', 'intrahepatic cholestasis'}"
0,"Mesh:D003092,DOID: 0060180","{'Colitis'},{'colitis'}"
0,"DD71,DOID: 8577,Mesh:D003093,DD71.1","{'Ulcerative colitis'},{'Left-sided ulcerative colitis', 'ulcerative colitis'},{'Colitis Gravis', 'Inflammatory Bowel Disease, Ulcerative Colitis Type', 'Ulcerative Colitis', 'Colitis, Ulcerative', 'Idiopathic Proctocolitis'},{'Left sided ulcerative colitis'}"
0,"Mesh:D003108,DOID: 5353","{'Colonic Diseases'},{'colon disorder', 'colonic disease'}"
0,"Mesh:D003109,DOID: 3877","{'Colonic Diseases, Functional', 'Functional Colonic Diseases'},{'functional colonic disease'}"
0,"Mesh:D003112,DB32.0,DOID: 3876","{""Ogilvie's Syndrome"", 'Ogilvie Syndrome', 'Colonic Pseudo-Obstruction', 'Pseudo-Obstruction, Colonic', 'Pseudoobstruction, Colonic', 'Ogilvie Disease'},{'Pseudo-obstruction of colon'},{'colonic pseudo-obstruction', 'primary chronic pseudo-obstruction of colon (disorder)'}"
0,"Mesh:D003137,DOID: 4137","{'Common Bile Duct Diseases'},{'common bile duct disease'}"
0,"DOID: 0110892,DD70,DOID: 0060190,Mesh:D003424,DOID: 8778","{'IBD1', 'inflammatory bowel disease 1'},{'Crohn disease'},{'ileocolitis'},{'Crohn Disease', 'Ileocolitis', 'Enteritis, Regional', 'Regional Enteritis', 'Ileitis, Regional', ""Crohn's Enteritis"", 'Colitis, Granulomatous', 'Inflammatory Bowel Disease 1', ""Crohn's Disease"", 'Ileitis, Terminal', 'Enteritis, Granulomatous'},{""Pediatric Crohn's disease"", ""Crohn's disease of large bowel"", ""Crohn's disease"", ""Crohn's disease of colon (disorder)"", 'Crohn disease', 'Granulomatous Colitis'}"
0,"DOID: 216,Mesh:D003731,DA08.0","{'Dental caries pit and fissure', 'Dental caries of smooth surface', 'dental caries', 'Dental caries extending into pulp'},{'White Spot, Dental', 'Dental Decay', 'Dental Caries', 'White Spots', 'White Spots, Dental', 'Carious Dentin', 'Dental White Spots', 'Decay, Dental', 'Dental White Spot', 'Caries, Dental'},{'Dental caries'}"
0,"DOID: 693,DA07.2,Mesh:D003744","{'Enamel Hypoplasia', 'Enamel hypoplasia', 'Enamel hypoplasia (disorder)', 'dental enamel hypoplasia'},{'Enamel hypoplasia'},{'Hypoplasia, Dental Enamel', 'Enamel Agenesis', 'Dental Enamel Hypoplasia', 'Enamel Hypoplasia', 'Enamel Hypoplasia, Dental', 'Molar Incisor Hypomineralization', 'Hypoplastic Enamel'}"
0,"DOID: 5608,Mesh:D003784","{'pulpal calcifications', 'pulp calcifications', 'dental pulp calcification', 'pulp calcification'},{'Dental Pulp Stones', 'Pulp Stones, Dental', 'Pulpal Dysplasia', 'Stones, Dental Pulp', 'Dental Pulp Stone', 'Denticles', 'Dentin Dyspalsia, Shields Type 2', 'Dentin Dysplasia, Shields Type II', 'Pulp Stones', 'Calcification, Dental Pulp', 'Dentin Dysplasia, Coronal', 'Coronal Dentin Dysplasia', 'Pulp Calcification, Dental', 'Anomalous Dysplasia of Dentin', 'Denticle', 'Stone, Dental Pulp', 'Pulp Stone, Dental', 'Dental Pulp Calcification', 'Dentin Dysplasia, Type II'}"
0,"DOID: 5330,Mesh:D003788","{'pulp disorder', 'Dental pulp disorder', 'disorder of pulp of tooth (disorder)', 'dental pulp disease'},{'Disease, Dental Pulp', 'Dental Pulp Disease', 'Pulp Disease, Dental', 'Diseases, Dental Pulp', 'Dental Pulp Diseases', 'Pulp Diseases, Dental'}"
0,"Mesh:D003790,DOID: 11623,DA09.1","{'Gangrene, Dental Pulp', 'Pulp Autolysis, Dental', 'Necrosis, Dental Pulp', 'Pulp Necrosis', 'Pulp Necroses', 'Pulp Gangrene', 'Autolysis, Dental Pulp', 'Pulp Gangrene, Dental', 'Dental Pulp Necrosis', 'Pulp Mummification', 'Dental Pulp Autolysis', 'Pulp Necrosis, Dental', 'Dental Pulp Gangrene', 'Necroses, Pulp'},{'necrosis of the pulp NOS (disorder)', 'pulp necrosis', 'necrotic pulp', 'dental pulp necrosis', 'necrosis of the pulp'},{'Necrosis of pulp'}"
0,"DOID: 701,Mesh:D003805","{'dentin dysplasia', 'Dentinal dysplasia'},{'Dentin Dysplasia'}"
0,"Mesh:D003807,DOID: 698","{'Dentine Sensitivity', 'Dentin Sensitivity', 'Dentin Hypersensitivity', 'Tooth Sensitivity', 'Dentine Hypersensitivity'},{'Sensitive dentin', 'dentin sensitivity'}"
0,"DOID: 4154,Mesh:D003811","{'dentinogenesis imperfecta'},{'Dentinogenesis Imperfecta, Shields Type 2', 'Capdepont Teeth', 'Dentinogenesis Imperfecta', 'Opalescent Dentin', 'Opalescent Teeth without Osteogenesis Imperfecta', 'Dentinogenesis Imperfecta 1', 'Dentinogenesis Imperfecta, Shields Type II', 'Dentinogenesis Imperfecta without Osteogenesis Imperfecta', 'Hereditary Opalescent Dentin'}"
0,"DOID: 7475,Mesh:D004238","{'diverticulitis'},{'Diverticulitis'}"
0,"DOID: 13254,Mesh:D004239","{'diverticulitis of colon', 'colonic diverticular disease'},{'Diverticulitis, Colonic', 'Colonic Diverticulitis'}"
0,"DOID: 14495,Mesh:D004377,DE11","{'dumping syndrome', 'Dumping (jejunal) syndrome', 'Jejunal syndrome'},{'Dumping Syndrome'},{'Dumping syndrome'}"
0,"Mesh:D004378,DOID: 4072","{'Duodenal Diseases'},{'duodenum disorder', 'duodenal disease'}"
0,"DOID: 3558,Mesh:D004380","{'duodenal obstruction'},{'Duodenal Obstruction'}"
0,"Mesh:D004381,DA63,DOID: 1724","{'Curling Ulcer', 'Duodenal Ulcer', ""Curling's Ulcer""},{'Duodenal ulcer'},{'Curling Ulcer', ""Curling's ulcers"", 'duodenal ulcer', 'Stress Ulcer'}"
0,"DA51,DA63.0,Mesh:D004382,DOID: 8643","{'Duodenitis'},{'Duodenal erosion'},{'Duodenitis', 'Erosive Duodenitis'},{'duodenitis', 'Hemorrhagic duodenitis'}"
0,"DOID: 4071,Mesh:D004383","{'Duodenogastric reflux (finding)', 'duodenogastric reflux'},{'Duodenal Reflux', 'Duodenogastric Reflux', 'Duodeno-Gastric Reflux'}"
0,"DOID: 12384,Mesh:D004403","{'Infectious diarrhea', 'dysentery'},{'Dysentery', 'Infectious Diarrheal Disease'}"
0,"DOID: 0060185,Mesh:D004761","{'Clostridium difficile colitis', 'Pseudomembranous colitis'},{'Antibiotic-Associated Colitis', 'Clostridium Enterocolitis', 'Enterocolitis, Pseudomembranous', 'Pseudomembranous Enteritis', 'Pseudomembranous Colitis', 'Enteritis, Pseudomembranous', 'Colitis, Pseudomembranous', 'Pseudomembranous Enterocolitis'}"
0,"Mesh:D004933,DOID: 10485","{'Atresia, Esophageal', 'Esophageal Atresia'},{'esophageal atresia', 'Congenital imperforate esophagus', 'Congenital atresia of esophagus', 'Oesophageal atresia', 'Imperforate esophagus'}"
0,"DOID: 9164,DA21.0,DOID: 13186,Mesh:D004931","{'hypertensive lower esophageal sphincter', 'achalasia of cardia', 'Lack of reflex relaxation of lower oesophageal sphincter', 'esophageal achalasia', 'cardiospasm', 'achalasia of esophagus', 'achalasia'},{'Achalasia'},{'megaesophagus'},{'Esophageal Achalasia', 'Megaesophagus', 'Cardiospasm', 'Achalasia', 'Achalasia, Esophageal'}"
0,"Mesh:D004935,DOID: 6050","{'Esophageal Diseases'},{'esophageal disease', 'esophageal Ulcer'}"
0,"DOID: 11963,Mesh:D004941","{'esophagitis', 'acute esophagitis'},{'Esophagitis'}"
0,"Mesh:D004942,Mesh:D005764,DOID: 13976","{'Esophagitis, Peptic', 'Esophagitis, Reflux'},{'Gastroesophageal Reflux Disease', 'GERD', 'Reflux, Gastroesophageal', 'Gastro-oesophageal Reflux', 'Gastro-Esophageal Reflux', 'Gastric Acid Reflux Disease', 'Gastroesophageal Reflux', 'Gastric Acid Reflux', 'Esophageal Reflux'},{'Peptic reflux disease', 'reflux esophagitis', 'peptic esophagitis', 'Peptic esophagitis', 'Reflux oesophagitis'}"
0,"DOID: 0060466,Mesh:D005351","{'gingival fibromatosis', 'hereditary gingival hyperplasia', 'hereditary gingival fibromatosis'},{'Fibromatosis, Gingival', 'Fibromatosis Gingivae', 'Gingival Fibromatosis'}"
0,"DOID: 0060262,Mesh:D005705","{'gallbladder disease'},{'Gallbladder Diseases', 'Gall Bladder Diseases'}"
0,"DA42,Mesh:D005756,DOID: 4029","{'Gastritis'},{'Gastritis'},{'gastritis', 'acute gastric mucosal erosion', 'Erosive gastropathy', 'Erosive Gastritis'}"
0,"DOID: 8929,Mesh:D005757","{'atrophic gastritis', 'gastric atrophy'},{'Gastritis, Atrophic'}"
0,"DA42.6,Mesh:D005758,DOID: 8757","{'Menetrier disease'},{""Menetrier's Disease"", 'Gastritis, Hypertrophic', 'Giant Hypertrophic Gastritis', 'Menetrier Disease', 'Gastritis, Familial Giant Hypertrophic'},{'gastric mucosal hypertrophy', 'hypertrophic gastritis', 'hypertrophic gastropathy (disorder)', 'familial giant hypertrophic gastritis', 'MENETRIER DISEASE', 'Giant rugal hypertrophy of stomach'}"
0,"Mesh:D017688,DOID: 2326,Mesh:D005759","{'Cholera, Summer', 'Cholera Morbus'},{'infectious colitis, enteritis and gastroenteritis', 'cholera morbus', 'gastroenteritis'},{'Gastroenteritis'}"
0,"DOID: 8534,Mesh:D005764","{'Gastro-esophageal reflux', 'Acid reflux', 'Gastroesophageal reflux', 'Gastresophageal reflux', 'GERD - Gastro-esophageal reflux disease', 'Gastroesophageal reflux disease', 'gastroesophageal reflux disease', 'GERD'},{'Gastroesophageal Reflux Disease', 'GERD', 'Reflux, Gastroesophageal', 'Gastro-oesophageal Reflux', 'Gastro-Esophageal Reflux', 'Gastric Acid Reflux Disease', 'Gastroesophageal Reflux', 'Gastric Acid Reflux', 'Esophageal Reflux'}"
0,"BlockL1-DD9,DOID: 77,Mesh:D005767","{'Functional gastrointestinal disorders'},{'gastrointestinal disorder', 'digestive system disorder', 'Gastroenteropathy', 'alimentary system disease', 'GIT disease', 'gastrointestinal disease', 'gastrointestinal system disease'},{'Functional Gastrointestinal Disorders', 'Cholera Infantum', 'Gastrointestinal Disorders, Functional', 'Gastrointestinal Diseases'}"
0,"Mesh:D005882,DOID: 5337,DOID: 1483,DA0B","{'Epulides', 'Gingival Diseases', 'Gingivosis', 'Epulis'},{'epulis', 'polyp of Gum', 'epulides', 'Gingival polyp'},{'gingival disease'},{'Gingival diseases'}"
0,"DOID: 5338,Mesh:D005886","{'gingival hypertrophy', 'hypertrophy of gingivae'},{'Gingival Hypertrophy'}"
0,"DOID: 7280,Mesh:D005887","{'Congenital Epulides', 'congenital epulis', 'Congenital Epulis'},{'Epulis, Congenital', 'Epulides, Congenital', 'Gingival Neoplasms', 'Congenital Epulis', 'Neoplasms, Gingival', 'Congenital Epulides'}"
0,"DA0D.0,DOID: 1134,Mesh:D005889","{'Gingival recession'},{'localized gingival recession (disorder)', 'moderate gingival recession', 'Gingival recession, unspecified', 'localized gingival recession', 'Gingival recession, localized', 'severe gingival recession', 'gingival recession', 'Gingival recession NOS (disorder)', 'Gingival recession (disorder)', 'Gingival recession', 'minimal gingival recession'},{'Gingival Recession', 'Atrophy of Gingiva', 'Gingival Atrophy'}"
0,"DOID: 3087,Mesh:D005891","{'acute gingivitis', 'chronic gingivitis', 'gingivitis'},{'Gingivitis'}"
0,"DOID: 9673,DOID: 13924,Mesh:D005892","{'ulcerative stomatitis'},{'acute ulceromembranous gingivitis', ""(Vincent's angina) or (trench mouth)"", 'Vincent angina', 'Trench mouth', ""Vincent's angina NOS"", ""Vincent's Angina"", 'acute necrotising ulcerative gingivitis [Ambiguous]', 'necrotizing ulcerative gingivitis', 'acute necrotizing ulcerative gingivostomatitis (disorder)', 'ANUG', ""Vincent's angina"", ""Vincent's infection, any site"", 'early acute necrotising gingivitis', 'acute necrotising ulcerative gingivitis', 'acute necrotising ulcerative gingivostomatitis [Ambiguous]', 'Angina - Vincents', ""Vincent's disease"", 'acute necrotizing ulcerative gingivitis', 'acute necrotising ulcerative gingivostomatitis', ""Vincent's angina - pharyngitis (disorder)""},{'Phagedenic Gingivitis', ""Vincent's Stomatitis"", 'Acute Membranous Gingivitis', 'Stomatitis, Ulcerative', 'Fusospirillosis', 'Gingivitis, Necrotizing Ulcerative', 'Vincent Infection', 'Acute Necrotizing Ulcerative Gingivitis', ""Vincent's Gingivitis"", ""Vincent's Infection"", 'Trench Mouth', 'Fusospirillary Gingivitis', 'Vincent Angina'}"
0,"Mesh:D005928,DA03.0,DOID: 1456","{'Glossitis'},{'Glossitis'},{'glossitis'}"
0,"Mesh:D005929,DOID: 1455,DA03.1","{'Tongue, Geographic', 'Glossitis Areata Exfoliativa', 'Glossitis, Benign Migratory', 'Geographic Tongue', 'Erythema Migrans, Lingual'},{'geographic tongue', 'Pityriasis linguae', 'benign migratory glossitis', 'Glossitis areata exfoliativa'},{'Geographic tongue'}"
0,"Mesh:D006505,Mesh:D006506,Mesh:D006521,Mesh:D006520,DOID: 2237","{'Hepatitis'},{'Infectious Hepatitis', 'Hepatitis, Infectious', 'Hepatitis A'},{'Hepatitis, Chronic Persistent', 'Chronic Hepatitis', 'Hepatitis, Chronic', 'Hepatitis, Chronic Active', 'Cryptogenic Chronic Hepatitis', 'Hepatitis, Chronic, Cryptogenic'},{'Hepatitis, Animal'},{'chronic persistent hepatitis', 'hepatitis', 'acute/subac. necrosis of liver', 'acute hepatitis', 'acute and subacute liver necrosis', 'animal hepatitis', 'chronic hepatitis'}"
0,"DOID: 12351,Mesh:D006519,DB94.1","{'Alcoholic hepatitis (disorder)', 'acute alcoholic liver disease (disorder)', 'Alcoholic hepatitis', 'acute Alcoholic Hepatitis', 'acute alcoholic hepatitis', 'acute alcoholic liver disease', 'Alcoholic Hepatitis', 'alcoholic hepatitis'},{'Alcoholic Hepatitis', 'Hepatitis, Alcoholic, Chronic', 'Hepatitis, Alcoholic', 'Chronic Alcoholic Hepatitis'},{'Alcoholic hepatitis'}"
0,"Mesh:D006525,DOID: 1884,Mesh:D006524","{'Viral Hepatitis, Human', 'Hepatitis, Viral, Human'},{'Unspecified viral hepatitis with hepatic coma', 'animal viral hepatitis', 'viral hepatitis', 'Viral hepatitis with hepatic coma (disorder)', 'viral hepatitis with hepatic coma', 'human viral hepatitis'},{'Hepatitis, Viral, Animal', 'Viral Hepatitis, Animal'}"
0,"DOID: 893,Mesh:D006527","{'Westphal pseudosclerosis', 'hepatolenticular degeneration', 'Wilson disease', 'Cerebral pseudosclerosis', 'Westphal-Strumpell syndrome', ""Wilson's disease""},{'Pseudosclerosis', 'Hepatolenticular Degeneration', 'Hepatocerebral Degeneration', 'Neurohepatic Degeneration', 'Kinnier-Wilson Disease', 'Wilson Disease', 'Westphal-Strumpell Syndrome', 'Hepato-Neurologic Wilson Disease', ""Wilson's Disease"", 'Wilson Disease, Hepatic Form', 'Hepatic Form of Wilson Disease', 'Progressive Lenticular Degeneration', 'Copper Storage Disease', 'Hepatolenticular Degeneration Syndrome', 'Cerebral Pseudosclerosis'}"
0,"Mesh:D006530,DOID: 11823,DB99.2","{'Hepatorenal Syndrome'},{'hepatorenal syndrome'},{'Hepatorenal syndrome'}"
0,"DOID: 10487,Mesh:D006627","{""Hirschsprung's disease"", 'aganglionic megacolon', 'macrocolon', 'total intestinal aganglionosis', 'pelvirectal achalasia', 'Hirschsprung disease', 'congenital megacolon'},{'Hirschsprung Disease', 'Rectosigmoid Aganglionosis', ""Hirschsprung's Disease"", 'Megacolon, Aganglionic', 'Aganglionosis, Colonic', 'Congenital Intestinal Aganglionosis', 'Aganglionosis, Rectosigmoid Colon', 'Colonic Aganglionosis', 'Total Colonic Aganglionosis', 'Congenital Megacolon', 'Aganglionic Megacolon', 'Megacolon, Congenital', 'Aganglionosis, Total Colonic'}"
0,"DOID: 12733,Mesh:D006936","{'hypercementosis', 'Cementation hyperplasia'},{'Hypercementosis'}"
0,"Mesh:D007079,DOID: 0060189","{'Ileitis'},{""Crohn's ileitis"", 'ileitis'}"
0,"Mesh:D007410,DOID: 5295","{'Intestinal Diseases'},{'intestinal disease'}"
0,"DOID: 10486,Mesh:D007409","{'intestinal atresia'},{'Jejunal Atresia', 'Apple Peel Small Bowel Syndrome', 'Apple Peel Syndrome', 'Intestinal Atresia', 'Familial Apple Peel Jejunal Atresia', 'Congenital Intestinal Atresia', 'Atresia, Intestinal', 'Apple-Peel Intestinal Atresia'}"
0,"DOID: 8437,Mesh:D007415","{'intestinal obstruction'},{'Intestinal Obstruction'}"
0,"DOID: 2074,Mesh:D007416","{'Perforation of intestine', 'intestinal perforation'},{'Intestinal Perforation'}"
0,"Mesh:D007418,DOID: 8442,DOID: 3878,DA93.0","{'Intestinal Pseudoobstruction', 'Visceral Myopathy', 'Intestinal Pseudo-Obstruction, Idiopathic', 'Pseudointestinal Obstruction Syndrome', 'Pseudoobstructive Syndrome', 'Intestinal Pseudo-Obstruction', 'Pseudo-Obstruction, Intestinal', 'Paralytic Ileus', 'Enteric Neuropathy', 'Chronic Idiopathic Intestinal Pseudo-Obstruction', 'Congenital Short Bowel Syndrome'},{'paralytic ileus'},{'intestinal Pseudo-obstruction', 'intestinal pseudo-obstruction', 'intestine pseudoobstruction', 'Pseudo-obstruction of intestine (disorder)'},{'Paralytic ileus'}"
0,"DOID: 8446,Mesh:D007443","{'intussusception', 'Intussusception of intestine (disorder)', 'Intussusception (morphologic abnormality)', 'Intussusception NOS (disorder)', 'Invagination of intestine or colon'},{'Invagination, Intestinal', 'Intususception', 'Intussusception'}"
0,"DOID: 4557,Mesh:D007967","{'oral leukoedema', 'Leukedema of mouth'},{'Leukoedema, Oral'}"
0,"DOID: 9297,Mesh:D008047","{'lip disease', 'disease of lips'},{'Lip Diseases'}"
0,"Mesh:D008061,DOID: 8476","{""Whipple's Disease"", 'Lipodystrophy, Intestinal', 'Whipple Disease'},{""Whipple's disease (disorder)"", ""Whipple's disease"", 'Whipple disease', 'intestinal lipodystrophy'}"
0,"DB93.1,DOID: 5082,Mesh:D008103","{'Hepatic cirrhosis'},{'liver cirrhosis', 'cirrhosis of liver', 'Cirrhosis'},{'Liver Cirrhosis', 'Liver Fibrosis', 'Cirrhosis, Liver', 'Fibrosis, Liver', 'Hepatic Cirrhosis'}"
0,"Mesh:D008104,DB94.10,DOID: 14018","{'Alcoholic Cirrhosis', 'Hepatic Cirrhosis, Alcoholic', 'Liver Cirrhosis, Alcoholic'},{'Alcoholic hepatitis with cirrhosis'},{'Portal cirrhosis', 'alcoholic liver cirrhosis', 'Alcoholic cirrhosis of liver', ""Laennec's cirrhosis, alcoholic"", ""Laennec's cirrhosis"", 'Alcoholic Cirrhosis'}"
0,"DOID: 12236,Mesh:D008105","{'primary biliary cirrhosis', 'biliary liver cirrhosis', 'cholestatic cirrhosis', 'chronic nonsuppurative destructive cholangitis'},{'Liver Cirrhosis, Biliary', 'Biliary Cirrhosis, Secondary', 'Biliary Cirrhosis, Primary, 1', 'Secondary Biliary Cirrhosis', 'Biliary Cirrhosis', 'Liver Cirrhosis, Obstructive', 'Primary Biliary Cirrhosis', 'Biliary Cirrhosis, Primary', 'Cholangitis, Chronic Nonsuppurative Destructive'}"
0,"BlockL1-DB9,DOID: 409,DB99.Y,Mesh:D008107","{'Diseases of liver'},{'hepatic disorder', 'disorder of liver (disorder)', 'liver disease'},{'Other diseases of liver'},{'Liver Dysfunction', 'Liver Diseases'}"
0,"Mesh:D008531,DOID: 11372,DB32.2","{'Megacolon'},{'Dilatation of colon', 'megacolon'},{'Megacolon'}"
0,"DOID: 1770,Mesh:D008532,DB32.20","{'toxic megacolon'},{'Toxic Megacolon', 'Megacolon, Toxic'},{'Toxic megacolon'}"
0,"DOID: 1761,Mesh:D008556","{'Melkersson-Rosenthal syndrome', ""Melkersson's syndrome"", 'Cheilitis granulomatosa of Mescher-Melkersson-Rosenthal'},{'Syndrome, Melkerson Rosenthal', 'Facial Neuropathy, Orofacial Edema, Cheilitis Granulomatosa', 'Facial Neuropathy, Cheilitis Granulomatosa, Orofacial Edema', 'Melkersson Syndrome', 'Rosenthal-Melkerson Syndrome', 'Melkerson-Rosenthal Syndrome', 'Miescher-Melkersson-Rosenthal Granulomatous Cheilitis', 'Orofacial Edema, Cheilitis Granulomatosa, Facial Neuropathy', 'Orofacial Edema, Facial Neuropathy, Cheilitis Granulomatosa', 'Rosenthal-Melkersson Syndrome', 'Melkersson-Rosenthal-Miescher Syndrome', 'Melkersson-Rosenthal Syndrome', 'Cheilitis Granulomatosa', 'Cheilitis Granulomatosa, Facial Neuropathy, Orofacial Edema', 'Cheilitis Granulomatosa, Orofacial Edema, Facial Neuropathy', 'Macrocheilia, Facial Palsy, Edema', 'Granulomatous Cheilitis'}"
0,"DOID: 13711,Mesh:D009050","{'Mottled teeth', 'Intrinsic enamel discolouration of fluorosis', 'dental fluorosis', 'Mottling of enamel'},{'Mottled Enamel', 'Fluoroses, Dental', 'Fluorosis, Dental', 'Dental Fluoroses', 'Dental Fluorosis'}"
0,"DOID: 403,Mesh:D009059","{'mouth disease'},{'Mouth Diseases'}"
0,"Mesh:D009625,DA0C.31,DOID: 9672","{'Noma', 'Cancrum Oris', 'Stomatitis, Gangrenous'},{'Noma'},{'Cancrum oris', 'noma', 'Gangrenous stomatitis'}"
0,"DOID: 5773,DA02.2,Mesh:D009914","{'oral submucous fibrosis', 'Oral cavity Submucous Fibrosis', 'Oral submucosal fibrosis (disorder)', 'Oral submucosal fibrosis, including of tongue'},{'Oral submucous fibrosis'},{'Oral Submucous Fibrosis'}"
0,"Mesh:D010305,DOID: 10302","{'Parotid Diseases'},{'parotid disease'}"
0,"DOID: 10301,Mesh:D010309","{'parotitis'},{'Parotitis', 'Parotiditis'}"
0,"DOID: 752,Mesh:D010439","{'Peptic ulcer with perforation (disorder)', 'acute peptic ulcer with perforation', 'Perforated peptic ulcer', 'Unspecified peptic ulcer with perforation (disorder)', 'peptic ulcer perforation'},{'Peptic Ulcer Perforation'}"
0,"DOID: 2562,DA09.6,Mesh:D010482","{'suppurative periapical periodontitis', 'Periapical abscess (disorder)', 'Dentoalveolar abscess', 'Suppurative apical periodontitis', 'Apical abscess'},{'Periapical abscess'},{'Dentoalveolar Abscess, Apical', 'Periapical Periodontitis, Suppurative', 'Abscess, Periapical', 'Periodontitis, Apical, Suppurative', 'Periapical Abscess', 'Alveolar Abscess, Apical'}"
0,"Mesh:D010484,DOID: 4617","{'Periapical Periodontitis, Chronic Nonsuppurative', 'Periapical Granuloma', 'Dental Granulomas', 'Periodontitis, Apical, Chronic Nonsuppurative', 'Granuloma, Dental', 'Dental Granuloma', 'Granuloma, Periapical', 'Granulomas, Dental'},{'Apical granuloma (disorder)', 'periapical granuloma', 'Periapical granuloma'}"
0,"Mesh:D010485,DA09.7,DOID: 823","{'Periapical Periodontitis', 'Periodontitis, Apical', 'Periodontitis, Acute Nonsuppurative'},{'Periapical periodontitis'},{'periapical periodontitis', 'Apical periodontitis NOS', 'Apical periodontitis (disorder)'}"
0,"DOID: 3671,Mesh:D010497,DA0B.6","{'pericoronitis'},{'Pericoronitis'},{'Pericoronitis'}"
0,"DOID: 3388,DA0C,Mesh:D010510","{'disease of supporting structures of teeth, NOS', 'periodontium disorder', 'Periodontal disease', 'periodontal disease', 'Periodontal disease (disorder)'},{'Periodontal disease'},{'Pyorrhea Alveolaris', 'Periodontal Diseases', 'Parodontosis'}"
0,"DOID: 824,Mesh:D010518","{'periodontitis', 'chronic pericementitis'},{'Periodontitis', 'Pericementitis'}"
0,"Mesh:D010520,DA0C.2,DOID: 1474,DA0C.1,DOID: 9893","{'Periodontitis, Prepubertal', 'Early-Onset Periodontitis', 'Periodontitis, Juvenile', 'Aggressive Periodontitis', 'Prepubertal Periodontitis', 'Periodontosis', 'Juvenile Periodontitis', 'Periodontitis, Circumpubertal', 'Periodontitis, Aggressive, 1'},{'Periodontosis'},{'aggressive periodontitis', 'juvenile periodontitis'},{'Aggressive periodontitis'},{'periodontosis'}"
0,"Mesh:D015436,DC50,Mesh:D010538,DOID: 8283,DC50.0,DC50.1","{'Panniculitis, Peritoneal', 'Sclerosing Mesenteritis', 'Omental Panniculitis', 'Mesenteric Weber-Christian Disease', 'Mesenteric Panniculitis', 'Mesenteric Lipodystrophy', 'Liposclerotic Mesenteritis', 'Retractile Mesenteritis'},{'Peritonitis'},{'Primary Peritonitis', 'Secondary Peritonitis', 'Peritonitis'},{'acute generalized peritonitis', 'primary bacterial peritonitis (disorder)', 'Retractile mesenteritis', 'Retractile mesenteritis (disorder)', 'acute generalized peritonitis (disorder)', 'peritonitis', 'sclerosing mesenteritis'},{'Primary peritonitis'},{'Secondary peritonitis'}"
0,"Mesh:D010580,DOID: 3852","{'Peutz-Jeghers Syndrome', 'Polyps-and-Spots Syndrome', 'Polyposis, Hamartomatous Intestinal', 'Peutz-Jeghers Polyposis', 'Lentiginosis, Perioral', 'Periorificial Lentiginosis Syndrome', ""Peutz-Jegher's Syndrome""},{'peutz-jeghers small bowel hamartoma', 'Peutz-Jeghers syndrome', 'Peutz Jeghers polyp', 'gastric Peutz-Jeghers polyp', 'Peutz-Jeghers polyp of small Intestine', 'Peutz Jeghers colon polyp', 'Colonic hamartomatous polyp'}"
0,"Mesh:D011006,DOID: 13249","{'Pneumatosis Cystoides Intestinalis'},{'Pneumatosis cystoides intestinalis (disorder)', 'pneumatosis cystoides intestinalis'}"
0,"Mesh:D011178,DOID: 8439","{'Postgastrectomy Syndromes'},{'postgastrectomy syndrome', 'Postgastric surgery syndrome (disorder)'}"
0,"Mesh:D011349,DOID: 3127","{'Proctitis'},{'proctitis'}"
0,"DA96.1,DOID: 10611,Mesh:D011504","{'Protein-losing enteropathy'},{'Enteropathy, exudative', 'Exudative enteropathy (disorder)', 'Protein-losing enteropathy (disorder)', 'protein-losing enteropathy'},{'Protein-Losing Enteropathy', 'Idiopathic Hypercatabolic Hypoproteinemia', 'Enteropathy, Protein-Losing', 'Enteropathy, Exudative', 'Protein-Losing Enteropathies'}"
0,"DA09.0,DOID: 11121,Mesh:D011671","{'Pulpitis'},{'pulpitis'},{'Pulpitis', 'Inflammation, Endodontic'}"
0,"Mesh:D011707,DOID: 12639","{'Pyloric Stenosis', 'Stenosis, Pyloric'},{'pyloric stenosis'}"
0,"DOID: 12904,DA04.5,Mesh:D011900","{'mucocele of salivary gland', 'Salivary Cyst', 'Mucous retention cyst of salivary gland', 'Salivary gland mucocele', 'Ranula'},{'Mucocele of salivary gland'},{'Ranula'}"
0,"DB50.1,Mesh:D012003,DOID: 0060328","{'Anal fistula'},{'Rectal Fistula', 'Anal Fistula'},{'anal fistula'}"
0,"DOID: 1285,Mesh:D012002","{'rectal disease'},{'Anorectal Diseases', 'Rectal Diseases', 'Anorectal Disorders', 'Rectal Disorders'}"
0,"DOID: 9307,Mesh:D012005,DB31.2","{'Procidentia, rectum', 'rectal prolapse'},{'Rectal Prolapse', 'Anus Prolapse'},{'Rectal prolapse'}"
0,"Mesh:D012391,DOID: 14550","{'Root Resorption'},{'root resorption'}"
0,"Mesh:D012466,DA04,DOID: 10854","{'Salivary Gland Diseases'},{'Diseases of salivary glands'},{'Salivary gland disease', 'salivary gland disease', 'Non-neoplastic Salivary gland disease'}"
0,"Mesh:D012778,KB89.1,DOID: 10605","{'Short Bowel Syndrome'},{'Short bowel syndrome'},{'short bowel syndrome', 'acquired short bowel syndrome', 'short gut syndrome'}"
0,"DA04.2,Mesh:D012793,DOID: 10303","{'Sialoadenitis'},{'Adenitis, Salivary Gland', 'Salivary Gland Inflammation', 'Sialoadenitis', 'Sialadenitis', 'Irradiation-Induced Sialadenitis', 'Sialitis', 'Chronic Sialadenitis'},{'sialadenitis', 'Sialoadenitis'}"
0,"DOID: 12901,Mesh:D012797","{'Necrotizing sialometaplasia (disorder)', 'necrotizing sialometaplasia'},{'Sialometaplasia, Necrotizing', 'Necrotizing Sialometaplasia'}"
0,"Mesh:D012810,DOID: 1897","{'Sigmoid Colon Diseases', 'Sigmoid Diseases'},{'sigmoid disease'}"
0,"DOID: 10607,Mesh:D013182,DA96.01","{'tropical sprue', 'Tropical steatorrhea', 'Sprue - tropical'},{'Idiopathic Tropical Malabsorption Syndrome', 'Sprue, Tropical'},{'Tropical sprue'}"
0,"Mesh:D013271,DOID: 3229","{'Stomach Dilation', 'Gastric Dilatation', 'Stomach Dilatation', 'Gastric Dilation'},{'gastric dilatation', 'stomach dilatation'}"
0,"Mesh:D013272,BlockL2-DA4,DOID: 76","{'Stomach Diseases', 'Gastric Diseases'},{'Diseases of stomach'},{'Gastropathy', 'stomach disease', 'gastric disease', 'stomach disorder'}"
0,"Mesh:D013276,DOID: 10808,DA60","{'Stomach Ulcer', 'Gastric Ulcer'},{'acute gastric ulcer with perforation AND obstruction', 'acute gastric ulcer with hemorrhage AND perforation (disorder)', 'bleeding acute gastric ulcer', 'chronic gastric ulcer without mention of hemorrhage or perforation, with obstruction', 'acute gastric ulcer with hemorrhage, with perforation AND with obstruction (disorder)', 'acute gastric ulcer without mention of hemorrhage or perforation, without mention of obstruction', 'acute gastric ulcer with hemorrhage and perforation', 'acute gastric ulcer with haemorrhage and perforation', 'acute gastric ulcer without hemorrhage and without perforation', 'acute gastric ulcer with perforation AND obstruction (disorder)', 'acute gastric ulcer without hemorrhage, without perforation AND without obstruction (disorder)', 'chronic gastric ulcer without hemorrhage AND without perforation but with obstruction', 'chronic gastric ulcer without hemorrhage AND without perforation but with obstruction (disorder)', 'acute gastric ulcer without hemorrhage, without perforation AND without obstruction', 'acute gastric ulcer with hemorrhage and obstruction', 'gastric ulcer', 'chronic gastric ulcer without hemorrhage AND without perforation', 'acute gastric ulcer with hemorrhage AND obstruction (disorder)', 'acute gastric ulcer with hemorrhage AND perforation', 'acute gastric ulcer with hemorrhage, with obstruction', 'acute gastric ulcer with perforation', 'acute gastric ulcer with hemorrhage AND with perforation but without obstruction', 'acute gastric ulcer with hemorrhage and perforation, without mention of obstruction', 'acute gastric ulcer with perforation, with obstruction', 'acute gastric ulcer with hemorrhage AND with perforation but without obstruction (disorder)', 'acute gastric ulcer with hemorrhage and perforation, with obstruction', 'acute gastric ulcer with hemorrhage AND perforation [dup] (disorder)'},{'Gastric ulcer'}"
0,"Mesh:D013280,DA01.11,DOID: 9637","{'Mucositis, Oral', 'Oromucositis', 'Oral Mucositis', 'Stomatitis'},{'Oral mucositis'},{'stomatitis'}"
0,"Mesh:D013281,Mesh:D019226,DOID: 9663,DA01.15","{'Aphthae', 'Canker Sore', 'Stomatitis, Aphthous', 'Ulcer, Aphthous', 'Periadenitis Mucosa Necrotica Recurrens'},{'Mouth Ulcer', 'Oral Ulcer'},{'aphthous stomatitis', 'Oral aphthae', 'Aphtha', 'oral ulcer', 'Aphthous ulceration (disorder)', 'Oral aphthous ulcer', 'Canker sore'},{'Mouth ulcers'}"
0,"DOID: 11875,Mesh:D013282","{'Denture sore mouth', 'denture stomatitis'},{'Stomatitis, Denture'}"
0,"Mesh:D013364,DOID: 12897","{'Submandibular Gland Diseases'},{'submandibular gland disease'}"
0,"DOID: 3557,Mesh:D013478","{'Superior mesenteric artery syndrome (disorder)', 'superior mesenteric artery syndrome', 'Superior mesenteric artery syndrome'},{'Cast Syndrome', 'Duodenal Compression Syndrome, Mesenteric', 'Mesenteric Duodenal Compression Syndrome', 'Wilkie Syndrome', 'Superior Mesenteric Artery Syndrome'}"
0,"Mesh:D014060,DA03,DOID: 10944","{'Tongue Diseases', 'Microglossia'},{'Diseases of tongue'},{'tongue disease'}"
0,"DOID: 11514,Mesh:D014063","{'scrotal tongue', 'Congenital plicated tongue', 'Tongue, Fissured', 'Plicated tongue', 'Fissure of tongue', 'Congenital fissure of tongue', 'Furrowed tongue', 'fissured tongue', 'Fissure of tongue, congenital', 'geographic tongue and fissured tongue', 'lingua plicata'},{'Tongue, Furrowed', 'Scrotal Tongue', 'Tongue, Fissured', 'Lingua Plicata'}"
0,"Mesh:D014064,DOID: 13500","{'Tongue, Hairy'},{'Overgrowth of filiform papillae (disorder)', 'Hairy Tongue', 'hairy tongue'}"
0,"DOID: 2498,Mesh:D014077","{'localized erosion', 'generalized erosion', 'tooth erosion'},{'Tooth Erosion'}"
0,"DOID: 1091,Mesh:D014076","{'tooth disease', 'dental disorder'},{'Tooth Diseases'}"
0,"DOID: 13240,Mesh:D014091","{'tooth resorption'},{'Tooth Resorption'}"
0,"Mesh:D015154,DOID: 9192","{'Esophageal Motility Disorders', 'Esophageal Dysmotility', 'Nutcracker Esophagus'},{'esophageal motility disorder', 'Dyskinesia of oesophagus', 'Oesophageal dysmotility', 'esophageal dysmotility', 'Oesophageal motor disorder', 'dyskinesia of esophagus'}"
0,"DOID: 0060643,Mesh:D015209,DOID: 14268,DB96.2","{'primary sclerosing cholangitis'},{'Cholangiitis, Sclerosing', 'Cholangitis, Sclerosing', 'Primary Sclerosing Cholangitis', 'Cholangitis, Primary Sclerosing', 'Sclerosing Cholangitis'},{'sclerosing cholangitis', 'fibrosing cholangitis'},{'Primary sclerosing cholangitis'}"
0,"Mesh:D015212,BlockL1-DD7,DOID: 0050589","{'Bowel Diseases, Inflammatory', 'Inflammatory Bowel Diseases'},{'Inflammatory bowel diseases'},{'inflammatory bowel disease'}"
0,"Mesh:D015494,DOID: 12905,DA04.4","{'Salivary Gland Calculi', 'Sialolithiasis', 'Sialoliths', 'Salivary Gland Stones'},{'sialolithiasis', 'Salivary gland Stone', 'Sialolith', 'Stone of salivary gland or duct'},{'Sialolithiasis'}"
0,"Mesh:D015529,DOID: 899","{'Choledochal Cyst, Type V', 'Choledochal Cyst, Type IV', 'Bile Duct Cysts', 'Cyst, Common Bile Duct', 'Multiple Choledochal Cysts', 'Congenital Choledochal Cyst', 'Choledochal Cyst, Type I', 'Cysts, Common Bile Duct', 'Choledochal Diverticulum', 'Choledochal Cyst, Diverticulum', 'Intrahepatic Choledochal Cyst', 'Choledochal Cyst, Type II', 'Choledochocele', 'Common Bile Duct Cyst', 'Choledochal Cyst', 'Choledochal Cyst, Type III'},{'Congenital choledochal cyst', 'Congenital choledochal cyst (disorder)', 'choledochal cyst'}"
0,"Mesh:D016738,DOID: 9245","{'Watson Alagille Syndrome', 'Arteriohepatic Dysplasia', 'Alagille Syndrome', 'Arteriohepatic Dysplasia (AHD)', 'Alagille Syndrome 2', 'Cholestasis with Peripheral Pulmonary Stenosis', 'Hepatofacioneurocardiovertebral Syndrome', 'Watson Miller Syndrome', 'Alagille Syndrome 1', 'Hepatic Ductular Hypoplasia', 'Paucity of Interlobular Bile Ducts', ""Alagille's Syndrome"", 'Hepatic Ductular Hypoplasia, Syndromatic', 'Dysplasia, Arteriohepatic', 'Watson-Miller syndrome', 'Cardiovertebral Syndrome', 'Alagille Watson Syndrome', 'Alagille-Watson Syndrome'},{'Alagille-Watson syndrome', 'Arteriohepatic dysplasia (disorder)', 'Alagille syndrome'}"
0,"Mesh:D016767,DOID: 0050876","{""Caroli's Disease"", ""Caroli's Syndrome"", 'Caroli Disease'},{'Caroli disease'}"
0,"DOID: 0060181,Mesh:D017091","{'ischemic colitis'},{'Colitis, Ischemic', 'Ischemic Colitis'}"
0,"Mesh:D017213,DOID: 14089","{'Caries, Cervical', 'Root Caries', 'Cervical Caries', 'Caries, Root'},{'Cementum caries', 'Root caries', 'root caries', 'Dental caries of root surface'}"
0,"DA40.0,Mesh:D017219,DOID: 3122","{'Gastric outlet obstruction'},{'Gastric Outlet Obstruction'},{'gastric outflow obstruction', 'gastric outlet obstruction'}"
0,"DOID: 9740,DC14.1,Mesh:D017562","{'postcholecystectomy syndrome'},{'Postcholecystectomy syndrome'},{'Postcholedochojejunostomy Syndrome', 'Postcholedochoduodenostomy Syndrome', 'Postcholecystectomy Syndrome', 'Post-Choledochostomy Syndrome', 'Post-Choledochojejunostomy Syndrome', 'Post-Choledochoduodenostomy Syndrome', 'Sump Syndrome', 'Postcholedochostomy Syndrome', 'Post-Cholecystectomy Syndrome'}"
0,"DA01.01,DOID: 0060315,Mesh:D017733","{'Hairy leukoplakia'},{'hairy leukoplakia', 'oral hairy leukoplakia'},{'Leukoplakia, Hairy', 'Oral Hairy Leukoplakia', 'Leukoplakia, Hairy, Oral'}"
0,"DOID: 11914,DA41.00,Mesh:D018589","{'Gastroparesis syndrome', 'gastric atonia', 'Gastroparalysis', 'gastroparesis'},{'Gastroparesis'},{'Gastric Stasis', 'Gastroparesis'}"
0,"Mesh:D019214,DOID: 3086","{'Gingival Overgrowth'},{'Gingival enlargement (disorder)', 'gingival overgrowth', 'Gingival enlargement NOS (disorder)', 'Gingival enlargement NOS'}"
0,"DB99.4,Mesh:D020065,DOID: 900","{'Hepatopulmonary syndrome'},{'Hepatopulmonary Syndrome', 'Hepato-Pulmonary Syndrome'},{'Hepatopulmonary syndrome (disorder)', 'hepatopulmonary syndrome'}"
0,"Mesh:D020254,DOID: 12661,DA07.61","{'Tooth Ankylosis', 'Ankylosis, Dentoalveolar', 'Dentoalveolar Ankylosis', 'Ankylosis, Tooth', 'Ankylosis of Teeth', 'Dental Ankylosis'},{'Ankylosis of teeth', 'tooth ankylosis', 'Ankylosis of tooth (disorder)'},{'Ankylosis of teeth'}"
0,"Mesh:D020345,DOID: 8677","{'Enterocolitis, Necrotizing', 'Necrotizing Enterocolitis'},{'perinatal necrotizing enterocolitis', 'ENTEROCOLITIS NECROTIZING', 'Perinatal necrotizing enterocolitis (disorder)', 'Pseudomembranous enterocolitis in newborn', 'Perinatal necrotising enterocolitis', 'Necrotizing enterocolitis in fetus OR newborn (disorder)', 'necrotizing enterocolitis'}"
0,"DOID: 11151,Mesh:D041761","{'cholecystolithiasis'},{'Cholecystolithiasis'}"
0,"Mesh:D041882,DOID: 9765","{'Emphysematous Cholecystitis', 'Cholecystitis, Emphysematous'},{'Gaseous pericholecystitis', 'emphysematous cholecystitis'}"
0,"Mesh:D042101,DOID: 2828","{'Acalculous Gallbladder Inflammation', 'Acalculous Cholecystitis', 'Cholecystitis, Acalculous', 'Gallbladder Inflammation, Acalculous'},{'acute acalculous cholecystitis', 'cholecystitis without calculus (disorder)', 'acalculous cholecystitis', 'acute cholecystitis without calculus (disorder)'}"
0,"Mesh:D042883,DOID: 11755","{'Choledocholithiasis', 'Cholelithiasis, Common Bile Duct'},{'choledocholithiasis'}"
0,"Mesh:D044483,DOID: 6225","{'Polyposis, Skin Pigmentation, Alopecia, And Fingernail Changes', 'Intestinal Polyposis', 'Cronkhite-Canada Syndrome'},{'gastric Cronkhite Canada polyposis', 'Cronkhite-Canada syndrome'}"
0,"Mesh:D045602,DOID: 10602","{'Steatorrhea'},{'Fatty stool (finding)', 'steatorrhea'}"
0,"DOID: 4370,Mesh:D045724","{'stomach diverticulosis'},{'Stomach Diverticulosis', 'Diverticulosis, Stomach', 'Diverticulosis, Gastric', 'Gastric Diverticulosis'}"
0,"DOID: 13185,Mesh:D045723","{'esophageal diverticulosis'},{'Diverticulosis, Esophageal', 'Esophageal Diverticulosis'}"
0,"Mesh:D045822,DOID: 8445","{'Volvulus', 'Volvulus, Intestine', 'Intestinal Volvulus'},{'Volvulus', 'Twist of intestine, bowel, or colon', 'intestinal volvulus'}"
0,"DOID: 8440,Mesh:D045823","{'Ileus of intestine', 'ileus'},{'Ileus'}"
0,"DOID: 12638,Mesh:D046248","{'hypertrophic pyloric stenosis', 'congenital or infantile stricture of pylorus', 'congenital hypertrophic pyloric stenosis'},{'Hypertrophic Pyloric Stenosis', 'Stenosis, Hypertrophic Pyloric', 'Idiopathic Hypertrophic Pyloric Stenosis', 'Infantile Hypertrophic Pyloric Stenosis', 'Primary Hypertrophic Pyloric Stenosis', 'Pyloric Stenosis, Hypertrophic'}"
0,"DOID: 0060183,DB33.10,Mesh:D046729","{'collagenous colitis'},{'Collagenous colitis'},{'Collagenous Colitis', 'Colitis, Collagenous'}"
0,"DOID: 0060184,Mesh:D046730,DB33.11","{'lymphocytic colitis'},{'Colitis, Lymphocytic', 'Lymphocytic Colitis'},{'Lymphocytic colitis'}"
0,"DB33.1,DOID: 0060182,Mesh:D046728","{'Microscopic colitis'},{'microscopic colitis'},{'Microscopic Colitis', 'Colitis, Microscopic'}"
0,"Mesh:D052016,DOID: 0080178","{'Mucositis'},{'mucositis'}"
0,"DOID: 13419,Mesh:D055496","{'neurogenic bowel'},{'Neurogenic Bowel'}"
0,"Mesh:D056486,DOID: 2044","{'Hepatitis, Toxic', 'Liver Injury, Drug-Induced, Acute', 'Acute Liver Injury, Drug-Induced', 'Drug-Induced Acute Liver Injury', 'Drug-Induced Liver Disease', 'Chemical and Drug Induced Liver Injury', 'Liver Injury, Drug-Induced', 'Chemically-Induced Liver Toxicity', 'Hepatitis, Drug-Induced', 'Toxic Hepatitis', 'Drug-Induced Liver Injury'},{'Drug-induced chronic hepatitis (disorder)', 'drug-induced hepatitis'}"
0,"DOID: 13922,Mesh:D057765","{'eosinophilic esophagitis'},{'Eosinophilic Esophagitis', 'Chronic Esophagitis, Eosinophilic', 'Esophagitis, Eosinophilic'}"
0,"DOID: 1453,DA03.2","{""Hunter's glossitis"", ""Glossitis, Hunter's"", 'Atrophy of tongue papillae', 'atrophic glossitis', 'smooth atrophic tongue'},{'Atrophy of tongue papillae'}"
0,"DOID: 14111,DA03.3","{'median rhomboid glossitis', 'Persistent tuberculum impar (disorder)'},{'Median rhomboid glossitis'}"
0,"DA03.4,DOID: 13333","{'Hypertrophy of tongue papillae'},{'hypertrophy of tongue papillae (disorder)', 'Tongue papillary hypertrophy NOS (disorder)', 'hypertrophy of tongue papillae'}"
0,"DA08,DOID: 214","{'Diseases of hard tissues of teeth'},{'teeth hard tissue disease'}"
0,"DOID: 11189,DA09.4","{'pulp degeneration'},{'Pulp degeneration'}"
0,"DOID: 11693,DA09.70","{'acute apical periodontitis', 'acute apical periodontitis of pulpal origin (disorder)', 'acute apical periodontitis of pulpal origin'},{'Acute apical periodontitis of pulpal origin'}"
0,"DA09.71,DOID: 11269","{'Chronic apical periodontitis'},{'chronic apical periodontitis', 'chronic apical periodontitis NOS (disorder)', 'chronic apical periodontitis (disorder)'}"
0,"DA0C.0,DOID: 10423","{'Acute periodontitis'},{'acute Periodontitis', 'acute periodontitis (disorder)', 'acute pericementitis (disorder)', 'acute periodontitis', 'acute periodontitis NOS (disorder)', 'acute pericementitis'}"
0,"DOID: 12234,DA40.4","{'cascade stomach', 'Hourglass stricture or stenosis of stomach'},{'Hourglass stricture and stenosis of stomach'}"
0,"DOID: 4030,DA42.2","{'eosinophilic gastritis'},{'Eosinophilic gastritis'}"
0,"DA42.3,DOID: 4035","{'Lymphocytic gastritis'},{'lymphocytic gastritis'}"
0,"DOID: 8680,DA42.80","{'alcoholic gastritis', 'Alcoholic gastritis, with hemorrhage', 'Alcoholic Gastritis', 'Alcoholic gastritis (disorder)', 'Alcoholic gastritis, without mention of hemorrhage'},{'Alcoholic gastritis'}"
0,"DOID: 60000,BlockL1-DB1","{'appendix disease'},{'Diseases of appendix'}"
0,"DB11.6,DOID: 13248","{'Mucocele of appendix'},{'Mucocele of appendix (disorder)', 'mucocele of appendix', 'Appendicele Mucocele'}"
0,"DB33.3,DOID: 0060187","{'Diversion colitis'},{'diversion colitis'}"
0,"DOID: 11374,DB72.0","{'anal spasm'},{'Anal spasm'}"
0,"DC10.1,DOID: 9717","{'Hydrops of gallbladder'},{'hydrops of gallbladder'}"
0,"DOID: 10254,DC10.4","{'Cholesterolosis of gallbladder', 'strawberry gallbladder'},{'Cholesterolosis of gallbladder'}"
0,"DC70,DOID: 11223","{'Diverticulitis of small intestine'},{'small intestine diverticulitis', 'Diverticulosis of small intestine with hemorrhage'}"
0,"DOID: 0060320,DD51","{'inguinal hernia'},{'Inguinal hernia'}"
0,"DOID: 0060321,DD53","{'umbilical hernia'},{'Umbilical hernia'}"
0,"DA41.3,Mesh:D000126","{'Achlorhydria'},{'Achylia Gastrica', 'Achlorhydria', 'Hypochlorhydria'}"
0,"Mesh:D002915,DC51.0","{'Peritonitis, Chylous', 'Chyloperitoneum', 'Chylous Ascites', 'Ascites, Chylous', 'Chylous Peritonitis'},{'Chylous ascites'}"
0,"Mesh:D004066,13","{'Digestive System Diseases'},{'Diseases of the digestive system'}"
0,"Mesh:D004932,DA43.0","{'Esophageal Varices', 'Gastric Varix', 'Gastric Varices', 'Esophageal Varix', 'Esophageal and Gastric Varices'},{'Gastric varices'}"
0,"Mesh:D005235,DB94.0","{'Fatty Liver, Alcoholic', 'Alcoholic Steatohepatitis', 'Alcoholic Fatty Liver'},{'Alcoholic fatty liver'}"
0,"Mesh:D006502,DB98.5","{'Hepatic Vein Thrombosis', 'Hepatic Venous Outflow Obstruction', 'Budd-Chiari Syndrome', ""Chiari's Syndrome""},{'Budd-Chiari syndrome'}"
0,"Mesh:D006501,DB99.5","{'Fulminant Hepatic Failure with Cerebral Edema', 'Hepatic Encephalopathy', 'Portosystemic Encephalopathy', 'Hepatic Coma', 'Portal-Systemic Encephalopathy', 'Hepatocerebral Encephalopathy', 'Encephalopathy, Portosystemic', 'Encephalopathy, Hepatic', 'Encephalopathy, Portal-Systemic', 'Encephalopathy, Hepatocerebral', 'Hepatic Stupor'},{'Hepatic encephalopathy'}"
0,"DB98.6,Mesh:D006504","{'Hepatic veno-occlusive disease'},{'Sinusoidal Obstruction Syndrome', 'Hepatic Veno-Occlusive Disease', 'Hepatic Veno Occlusive Disease', 'Veno-Occlusive Disease, Hepatic'}"
0,"Mesh:D006975,DB98.7","{'Cruveilhier-Baumgarten Syndrome', 'Hypertension, Portal'},{'Portal hypertension'}"
0,"DB90.0,Mesh:D008100","{'Abscess of liver'},{'Abscess, Hepatic', 'Liver Abscess'}"
0,"Mesh:D008108,DB94","{'Liver Diseases, Alcoholic', 'Alcoholic Liver Diseases'},{'Alcoholic liver disease'}"
0,"Mesh:D008260,DA03.5","{'Macroglossia'},{'Macroglossia'}"
0,"DA0E.51,Mesh:D008311","{'Angle class I malocclusion'},{'Malocclusion, Angle Class I', 'Angle Class I'}"
0,"DA0E.5,Mesh:D008310","{'Malocclusion'},{'Tooth Crowding', 'Crossbite', ""Angle's Classification"", 'Malocclusion', 'Cross Bite'}"
0,"Mesh:D008312,DA0E.50","{'Angle Class II, Division 1', 'Malocclusion, Angle Class II, Division 1', 'Class II Malocclusion, Division 1', 'Malocclusion, Angle Class II, Division 2', 'Class II Malocclusion, Division 2', 'Malocclusion, Angle Class II', 'Angle Class II', 'Angle Class II, Division 2'},{'Class II division 2 malocclusion'}"
0,"Mesh:D008844,DA0E.00","{'Mandibular Micrognathism', 'Micrognathia', 'Congenital Micrognathism', 'Congenital Micrognathia', 'Mandibular Micrognathia', 'Micrognathism'},{'Micrognathia'}"
0,"Mesh:D010382,DB98.1","{'Peliosis Hepatis'},{'Peliosis hepatis'}"
0,"Mesh:D011842,DA09.8","{'Periapical Cyst', 'Periodontal Cyst, Apical', 'Radicular Cyst'},{'Radicular cyst'}"
0,"Mesh:D013273,DA40.3","{'Diverticulum, Gastric', 'Diverticulum, Stomach', 'Diverticula, Stomach', 'Stomach Diverticulum', 'Gastric Diverticula'},{'Gastric diverticulum'}"
0,"DA40.2,Mesh:D013277","{'Gastric volvulus'},{'Stomach Volvulus', 'Volvulus, Stomach', 'Gastric Volvulus'}"
0,"Mesh:D013705,DA0E.8","{'TMJ Diseases', 'TMJ Disorders', 'Temporomandibular Disorders', 'Temporomandibular Joint Diseases', 'Temporomandibular Joint Disorders'},{'Temporomandibular joint disorders'}"
0,"Mesh:D014095,DA07.8","{'Teeth, Impacted', 'Tooth, Impacted'},{'Impacted teeth'}"
0,"DA02.1,Mesh:D014987","{'Xerostomia'},{'Mouth Dryness', 'Asialia', 'Xerostomia', 'Hyposalivation'}"
0,"DB96.0,Mesh:D019693","{'Autoimmune hepatitis'},{'Autoimmune Chronic Hepatitis', 'Autoimmune Hepatitis', 'Hepatitis, Autoimmune'}"
0,"Mesh:D043183,DD91.0","{'Colon, Irritable', 'Irritable Bowel Syndrome', 'Colitis, Mucous'},{'Irritable bowel syndrome'}"
0,"Mesh:D050500,DC32","{'Pancreatitis, Chronic', 'Chronic Pancreatitis'},{'Chronic pancreatitis'}"
0,"DA01.21,Mesh:D051261","{'Orofacial granulomatosis'},{'Granulomatosis, Orofacial', 'Orofacial Granulomatosis'}"
0,"Mesh:D065626,DB92","{'Nonalcoholic Fatty Liver Disease', 'Nonalcoholic Steatohepatitis', 'Fatty Liver, Nonalcoholic', 'NAFLD', 'Non-alcoholic Fatty Liver Disease'},{'Non-alcoholic fatty liver disease'}"
