ID,Syn
"2,DOID:0040046,DOID:0040056","[""""""nickel allergic contact dermatitis"""""",""""""allergic contact dermatitis to Ni""""""],[""""""chromium allergic contact dermatitis""""""]"
"2,ICD10_CM:A00,ICD10:A00","[""""""Cholera""""""],[""""""Cholera""""""]"
"2,ICD10_CM:A00.0,ICD10:A00.0","[""""""Cholera due to Vibrio cholerae 01, biovar cholerae"""""",""""""Classical cholera""""""],[""""""Cholera due to Vibrio cholerae 01, biovar cholerae"""""",""""""Classical cholera""""""]"
"2,ICD10_CM:A00.1,ICD10:A00.1","[""""""Cholera due to Vibrio cholerae 01, biovar eltor"""""",""""""Cholera eltor""""""],[""""""Cholera due to Vibrio cholerae 01, biovar eltor"""""",""""""Cholera eltor""""""]"
"2,ICD10:A00.9,ICD10_CM:A00.9","[""""""Cholera, unspecified""""""],[""""""Cholera, unspecified""""""]"
"2,ICD10:A01,ICD10_CM:A01","[""""""Typhoid and paratyphoid fevers""""""],[""""""Typhoid and paratyphoid fevers""""""]"
"2,ICD10_CM:A01.0,ICD10:A01.0","[""""""Infection due to Salmonella typhi"""""",""""""Typhoid fever""""""],[""""""Infection due to Salmonella typhi"""""",""""""Typhoid fever""""""]"
"2,ICD10:A01.1,ICD10_CM:A01.1","[""""""Paratyphoid fever A""""""],[""""""Paratyphoid fever A""""""]"
"2,ICD10_CM:A01.2,ICD10:A01.2","[""""""Paratyphoid fever B""""""],[""""""Paratyphoid fever B""""""]"
"2,ICD10:A01.3,ICD10_CM:A01.3","[""""""Paratyphoid fever C""""""],[""""""Paratyphoid fever C""""""]"
"2,ICD10:A01.4,ICD10_CM:A01.4","[""""""Paratyphoid fever, unspecified"""""",""""""Infection due to Salmonella paratyphi NOS""""""],[""""""Paratyphoid fever, unspecified"""""",""""""Infection due to Salmonella paratyphi NOS""""""]"
"2,ICD10:A02.0,ICD10_CM:A02.0","[""""""Salmonellosis"""""",""""""Salmonella enteritis""""""],[""""""Salmonellosis"""""",""""""Salmonella enteritis""""""]"
"2,ICD10_CM:A02.1,ICD10:A02.1","[""""""Salmonella sepsis""""""],[""""""Salmonella sepsis""""""]"
"2,ICD10_CM:A02.2,ICD10_CM:A02.29","[""""""Localized salmonella infections""""""],[""""""Salmonella with other localized infection""""""]"
"2,ICD10:A02.8,ICD10_CM:A02.8","[""""""Other specified salmonella infections""""""],[""""""Other specified salmonella infections""""""]"
"2,ICD10_CM:A02.9,ICD10:A02.9","[""""""Salmonella infection, unspecified""""""],[""""""Salmonella infection, unspecified""""""]"
"4,ICD10:A03,ICD10_CM:A03.8,ICD10_CM:A03,ICD10:A03.8","[""""""Shigellosis""""""],[""""""Other shigellosis""""""],[""""""Shigellosis""""""],[""""""Other shigellosis""""""]"
"2,ICD10:A03.0,ICD10_CM:A03.0","[""""""Shigellosis due to Shigella dysenteriae"""""",""""""Group A shigellosis [Shiga-Kruse dysentery]""""""],[""""""Shigellosis due to Shigella dysenteriae"""""",""""""Group A shigellosis [Shiga-Kruse dysentery]""""""]"
"2,ICD10:A03.1,ICD10_CM:A03.1","[""""""Group B shigellosis"""""",""""""Shigellosis due to Shigella flexneri""""""],[""""""Group B shigellosis"""""",""""""Shigellosis due to Shigella flexneri""""""]"
"2,ICD10:A03.2,ICD10_CM:A03.2","[""""""Shigellosis due to Shigella boydii"""""",""""""Group C shigellosis""""""],[""""""Shigellosis due to Shigella boydii"""""",""""""Group C shigellosis""""""]"
"2,ICD10:A03.3,ICD10_CM:A03.3","[""""""Shigellosis due to Shigella sonnei"""""",""""""Group D shigellosis""""""],[""""""Shigellosis due to Shigella sonnei"""""",""""""Group D shigellosis""""""]"
"2,ICD10:A03.9,ICD10_CM:A03.9","[""""""Shigellosis, unspecified"""""",""""""Bacillary dysentery NOS""""""],[""""""Shigellosis, unspecified"""""",""""""Bacillary dysentery NOS""""""]"
"3,ICD10_CM:A04,ICD10_CM:A18.83,ICD10_CM:A18.32","[""""""tuberculous enteritis"""""",""""""bacterial foodborne intoxications, NEC"""""",""""""Other bacterial intestinal infections""""""],[""""""Tuberculosis of digestive tract organs, not elsewhere classified"""""",""""""tuberculosis of intestine""""""],[""""""Tuberculosis of intestine (large) (small)Tuberculous enteritis"""""",""""""Tuberculosis of anus and rectum"""""",""""""Tuberculosis of intestine (large) (small)"""""",""""""Tuberculous enteritis""""""]"
"2,ICD10_CM:A04.0,ICD10:A04.0","[""""""Enteropathogenic Escherichia coli infection""""""],[""""""Enteropathogenic Escherichia coli infection""""""]"
"2,ICD10_CM:A04.1,ICD10:A04.1","[""""""Enterotoxigenic Escherichia coli infection""""""],[""""""Enterotoxigenic Escherichia coli infection""""""]"
"2,ICD10:A04.2,ICD10_CM:A04.2","[""""""Enteroinvasive Escherichia coli infection""""""],[""""""Enteroinvasive Escherichia coli infection""""""]"
"2,ICD10_CM:A04.4,ICD10:A04.4","[""""""Escherichia coli enteritis NOS"""""",""""""Other intestinal Escherichia coli infections""""""],[""""""Escherichia coli enteritis NOS"""""",""""""Other intestinal Escherichia coli infections""""""]"
"2,ICD10:A04.5,ICD10_CM:A04.5","[""""""Campylobacter enteritis""""""],[""""""Campylobacter enteritis""""""]"
"2,ICD10:A04.8,ICD10_CM:A04.8","[""""""Other specified bacterial intestinal infections""""""],[""""""Other specified bacterial intestinal infections""""""]"
"2,ICD10:A04.9,ICD10_CM:A04.9","[""""""Bacterial intestinal infection, unspecified"""""",""""""Bacterial enteritis NOS""""""],[""""""Bacterial intestinal infection, unspecified"""""",""""""Bacterial enteritis NOS""""""]"
"2,ICD10_CM:A05.0,ICD10:A05.0","[""""""Foodborne staphylococcal intoxication""""""],[""""""Foodborne staphylococcal intoxication""""""]"
"2,ICD10:A05.3,ICD10_CM:A05.3","[""""""Foodborne Vibrio parahaemolyticus intoxication""""""],[""""""Foodborne Vibrio parahaemolyticus intoxication""""""]"
"2,ICD10:A05.4,ICD10_CM:A05.4","[""""""Foodborne Bacillus cereus intoxication""""""],[""""""Foodborne Bacillus cereus intoxication""""""]"
"2,ICD10_CM:A05.8,ICD10:A05.8","[""""""Other specified bacterial foodborne intoxications""""""],[""""""Other specified bacterial foodborne intoxications""""""]"
"2,ICD10:A05.9,ICD10_CM:A05.9","[""""""Bacterial foodborne intoxication, unspecified""""""],[""""""Bacterial foodborne intoxication, unspecified""""""]"
"2,ICD10_CM:A07,ICD10:A07","[""""""Other protozoal intestinal diseases""""""],[""""""Other protozoal intestinal diseases""""""]"
"2,ICD10_CM:A07.0,ICD10:A07.0","[""""""Balantidial dysentery"""""",""""""Balantidiasis""""""],[""""""Balantidial dysentery"""""",""""""Balantidiasis""""""]"
"2,ICD10_CM:A07.1,ICD10:A07.1","[""""""Giardiasis [lambliasis]""""""],[""""""Giardiasis [lambliasis]""""""]"
"2,ICD10:A07.2,ICD10_CM:A07.2","[""""""Cryptosporidiosis""""""],[""""""Cryptosporidiosis""""""]"
"2,ICD10:A08.0,ICD10_CM:A08.0","[""""""Rotaviral enteritis""""""],[""""""Rotaviral enteritis""""""]"
"2,ICD10:A08.2,ICD10_CM:A08.2","[""""""Adenoviral enteritis""""""],[""""""Adenoviral enteritis""""""]"
"2,ICD10:A08.3,ICD10_CM:A08.3","[""""""Other viral enteritis""""""],[""""""Other viral enteritis""""""]"
"2,ICD10_CM:A08.8,ICD10:A08.5","[""""""Other specified intestinal infections""""""],[""""""Other specified intestinal infections""""""]"
"5,ICD10_CM:A18.2,ICD10_CM:A18.39,ICD10_CM:A15.7,ICD10_CM:A15.6,ICD10_CM:A15.4","[""""""Tuberculous adenitis"""""",""""""tuberculous tracheobronchial adenopathy"""""",""""""tuberculosis of mesenteric and retroperitoneal lymph nodes"""""",""""""tuberculosis of mesenteric and retroperitoneal lymph nodestuberculous tracheobronchial adenopathy"""""",""""""Tuberculous peripheral lymphadenopathy""""""],[""""""Retroperitoneal tuberculosis"""""",""""""Tuberculosis of retroperitoneal (lymph glands)"""""",""""""Tuberculosis of mesenteric glandsTuberculosis of retroperitoneal (lymph glands)"""""",""""""Tuberculosis of mesenteric glands""""""],[""""""Primary respiratory tuberculosis""""""],[""""""Tuberculosis of pleura Tuberculous empyema"""""",""""""primary respiratory tuberculosis"""""",""""""Tuberculous pleurisy""""""],[""""""Tuberculosis of mediastinal lymph nodesTuberculosis of hilar lymph nodes"""""",""""""Tuberculosis of hilar lymph nodes"""""",""""""Tuberculosis of intrathoracic lymph nodes"""""",""""""Tuberculosis of tracheobronchial lymph nodes"""""",""""""Tuberculosis of mediastinal lymph nodes""""""]"
"3,ICD10_CM:A17.8,ICD10:A17,ICD10_CM:A17","[""""""Other tuberculosis of nervous system""""""],[""""""Tuberculosis of nervous system""""""],[""""""Tuberculosis of nervous system""""""]"
"2,ICD10_CM:A17.82,ICD10_CM:A17.0","[""""""Tuberculous meningoencephalitis"""""",""""""Tuberculous myelitis""""""],[""""""Tuberculous meningitisTuberculosis of meninges (cerebral)(spinal)"""""",""""""Tuberculous meningitis"""""",""""""Tuberculous leptomeningitis"""""",""""""Tuberculosis of meninges (cerebral)(spinal)"""""",""""""tuberculous meningoencephalitis""""""]"
"2,ICD10_CM:A17.1,ICD10_CM:A17.81","[""""""Tuberculoma of meninges (cerebral) (spinal)"""""",""""""tuberculoma of brain and spinal cord"""""",""""""Tuberculoma of meninges (cerebral) (spinal)Meningeal tuberculoma"""""",""""""Meningeal tuberculoma""""""],[""""""Tuberculous abscess of brain and spinal cord"""""",""""""Tuberculoma of brain and spinal cord""""""]"
"2,ICD10:A18,ICD10_CM:A18","[""""""Tuberculosis of other organs""""""],[""""""Tuberculosis of other organs""""""]"
"4,ICD10_CM:A18.03,ICD10_CM:A18.5,ICD10_CM:A18.6,ICD10_CM:A18.4","[""""""Tuberculous mastoiditis"""""",""""""Tuberculous osteomyelitis"""""",""""""Tuberculosis of other bones"""""",""""""Tuberculous mastoiditisTuberculous osteomyelitis""""""],[""""""Tuberculosis of eye"""""",""""""lupus vulgaris of eyelid""""""],[""""""Tuberculosis of (inner) (middle) ear"""""",""""""tuberculosis of external ear"""""",""""""tuberculosis of external eartuberculous mastoiditis"""""",""""""tuberculous mastoiditis""""""],[""""""Tuberculosis of skin and subcutaneous tissue"""""",""""""Tuberculosis of skin and subcutaneous tissuelupus erythematosus"""""",""""""lupus erythematosus"""""",""""""Lupus excedens""""""]"
"3,ICD10_CM:A19.8,ICD10:A19.8,ICD10_CM:A19","[""""""Other miliary tuberculosis""""""],[""""""Other miliary tuberculosis""""""],[""""""Miliary tuberculosis""""""]"
"2,ICD10_CM:A19.0,ICD10:A19.0","[""""""Acute miliary tuberculosis of a single specified site""""""],[""""""Acute miliary tuberculosis of a single specified site""""""]"
"2,ICD10:A19.1,ICD10_CM:A19.1","[""""""Acute miliary tuberculosis of multiple sites""""""],[""""""Acute miliary tuberculosis of multiple sites""""""]"
"2,ICD10:A19.2,ICD10_CM:A19.2","[""""""Acute miliary tuberculosis, unspecified""""""],[""""""Acute miliary tuberculosis, unspecified""""""]"
"2,ICD10:A19.9,ICD10_CM:A19.9","[""""""Miliary tuberculosis, unspecified""""""],[""""""Miliary tuberculosis, unspecified""""""]"
"2,ICD10_CM:A20.0,ICD10:A20.0","[""""""Bubonic plague""""""],[""""""Bubonic plague""""""]"
"2,ICD10_CM:A20.1,ICD10:A20.1","[""""""Cellulocutaneous plague""""""],[""""""Cellulocutaneous plague""""""]"
"2,ICD10_CM:A20.2,ICD10:A20.2","[""""""Pneumonic plague""""""],[""""""Pneumonic plague""""""]"
"2,ICD10_CM:A20.3,ICD10:A20.3","[""""""Plague meningitis""""""],[""""""Plague meningitis""""""]"
"2,ICD10_CM:A20.9,ICD10:A20.9","[""""""Plague, unspecified""""""],[""""""Plague, unspecified""""""]"
"2,ICD10_CM:A22.2,ICD10:A22.2","[""""""Gastrointestinal anthrax""""""],[""""""Gastrointestinal anthrax""""""]"
"2,ICD10:A22.7,ICD10_CM:A22.7","[""""""Anthrax sepsis""""""],[""""""Anthrax sepsis""""""]"
"2,ICD10_CM:A22.9,ICD10:A22.9","[""""""Anthrax, unspecified""""""],[""""""Anthrax, unspecified""""""]"
"2,ICD10_CM:A23,ICD10:A23.8","[""""""Brucellosis""""""],[""""""Other brucellosis""""""]"
"2,ICD10_CM:A23.0,ICD10:A23.0","[""""""Brucellosis due to Brucella melitensis""""""],[""""""Brucellosis due to Brucella melitensis""""""]"
"2,ICD10:A23.1,ICD10_CM:A23.1","[""""""Brucellosis due to Brucella abortus""""""],[""""""Brucellosis due to Brucella abortus""""""]"
"2,ICD10:A23.2,ICD10_CM:A23.2","[""""""Brucellosis due to Brucella suis""""""],[""""""Brucellosis due to Brucella suis""""""]"
"2,ICD10_CM:A23.3,ICD10:A23.3","[""""""Brucellosis due to Brucella canis""""""],[""""""Brucellosis due to Brucella canis""""""]"
"2,ICD10:A15,ICD10:A16","[""""""Respiratory tuberculosis, bacteriologically and histologically confirmed""""""],[""""""Respiratory tuberculosis, not confirmed bacteriologically or histologically""""""]"
DOID:0001816,"[""""""hemangiosarcoma"""""",""""""angiosarcoma""""""]"
DOID:0002116,"[""""""surfer's eye"""""",""""""pterygium""""""]"
DOID:0014667,"[""""""metabolic disease"""""",""""""disease of metabolism""""""]"
DOID:0040001,"[""""""shrimp allergy""""""]"
DOID:0040002,"[""""""acetylsalicylic acid allergy"""""",""""""aspirin allergy"""""",""""""ASA allergy""""""]"
DOID:0040003,"[""""""benzylpenicillin allergy"""""",""""""benzyl benicillin allergy"""""",""""""penicillin G allergy""""""]"
DOID:0040004,"[""""""amoxicillin allergy""""""]"
DOID:0040005,"[""""""ceftriaxone allergy"""""",""""""rocephin allergy""""""]"
DOID:0040006,"[""""""carbamazepine allergy"""""",""""""Tegretol allergy"""""",""""""carbamazepen allergy""""""]"
DOID:0040007,"[""""""abacavir allergy"""""",""""""ABC allergy""""""]"
DOID:0040008,"[""""""isoniazide allergy"""""",""""""isonicotinylhydrazide allergy"""""",""""""INH allergy""""""]"
DOID:0040009,"[""""""lidocaine allergy"""""",""""""xylocaine allergy"""""",""""""lignocaine allergy"""""",""""""Lidoderm allergy""""""]"
DOID:0040010,"[""""""Carbocaine allergy"""""",""""""Polocaine allergy"""""",""""""mepivacaine allergy""""""]"
DOID:0040011,"[""""""phenobarbitone allergy"""""",""""""phenobarbitol allergy"""""",""""""phenobarbital allergy"""""",""""""Luminal allergy""""""]"
DOID:0040012,"[""""""Dilantin allergy"""""",""""""phenytoin allergy""""""]"
DOID:0040013,"[""""""Zantac allergy"""""",""""""ranitidine allergy""""""]"
DOID:0040014,"[""""""corticosteroid allergy""""""]"
DOID:0040015,"[""""""sulfonamide allergy""""""]"
DOID:0040016,"[""""""sulfamethoxazole allergy"""""",""""""SMZ allergy"""""",""""""sulphamethoxazole allergy"""""",""""""SMX allergy""""""]"
DOID:0040017,"[""""""Profenal allergy"""""",""""""suprofen allergy""""""]"
DOID:0040018,"[""""""pentothiobarbital allergy"""""",""""""penthiobarbital allergy"""""",""""""thiopental allergy""""""]"
DOID:0040019,"[""""""mannitol allergy"""""",""""""D-mannitol allergy""""""]"
DOID:0040020,"[""""""cefotaxime allergy""""""]"
DOID:0040021,"[""""""cephalosporin allergy""""""]"
DOID:0040022,"[""""""Flavoquine allergy"""""",""""""amodiaquine allergy"""""",""""""Camoquin allergy""""""]"
DOID:0040023,"[""""""cefaclor allergy"""""",""""""Ceclor allergy"""""",""""""cephaclor allergy""""""]"
DOID:0040024,"[""""""Fortaz allergy"""""",""""""ceftazidime allergy"""""",""""""Tazicef allergy""""""]"
DOID:0040025,"[""""""cefuroxime allergy"""""",""""""Zinacef allergy"""""",""""""cephuroxime allergy""""""]"
DOID:0040026,"[""""""chlorhexidine allergy""""""]"
DOID:0040027,"[""""""cyclophosphamide allergy"""""",""""""cytophosphane allergy""""""]"
DOID:0040028,"[""""""succinocholine allergy"""""",""""""sux allergy"""""",""""""dicholine succinate allergy"""""",""""""succinylcholine allergy"""""",""""""suxamethonium allergy""""""]"
DOID:0040029,"[""""""Primsol allergy"""""",""""""proloprim allergy"""""",""""""trimethoprim allergy"""""",""""""TMP allergy""""""]"
DOID:0040030,"[""""""cefixime allergy""""""]"
DOID:0040031,"[""""""diclofenac allergy"""""",""""""Voltaren allergy""""""]"
DOID:0040032,"[""""""carbapenem allergy""""""]"
DOID:0040033,"[""""""piperacillin allergy""""""]"
DOID:0040034,"[""""""rocuronium allergy"""""",""""""Esmeron allergy"""""",""""""Zemuron allergy""""""]"
DOID:0040035,"[""""""sulfasalazine allergy""""""]"
DOID:0040036,"[""""""tubocurarine allergy"""""",""""""DTC allergy""""""]"
DOID:0040037,"[""""""aztreonam allergy"""""",""""""Primbactam allergy"""""",""""""Azactam allergy""""""]"
DOID:0040038,"[""""""meropenem allergy"""""",""""""Merrem allergy""""""]"
DOID:0040040,"[""""""allergic asthma to HMDI"""""",""""""hexamethylene diisocyanate allergic asthma"""""",""""""allergic asthma to HDI""""""]"
DOID:0040041,"[""""""isocyanates allergic asthma""""""]"
DOID:0040042,"[""""""diphenylmethane-4,4'-diisocyanate allergic asthma"""""",""""""allergic asthma to MDI""""""]"
DOID:0040043,"[""""""allergic asthma to TDI"""""",""""""toluene meta-diisocyanate allergic asthma""""""]"
DOID:0040044,"[""""""allergic asthma to MIC"""""",""""""methyl isocyanate allergic asthma""""""]"
DOID:0040045,"[""""""nickel allergic asthma"""""",""""""allergic asthma to Ni""""""]"
DOID:0040047,"[""""""allergic asthma to TMA"""""",""""""trimellitic anhydride allergic asthma""""""]"
DOID:0040048,"[""""""phthalic anhydride allergic asthma""""""]"
DOID:0040049,"[""""""maleic anhydride allergic asthma"""""",""""""allergic asthma to MA""""""]"
DOID:0040050,"[""""""tetrachlorophthalic anhydride allergic asthma""""""]"
DOID:0040051,"[""""""allergic asthma to HHPA"""""",""""""hexahydrophthalic anhydride allergic asthma""""""]"
DOID:0040052,"[""""""diphenylmethane-4,4'-diisocyanate allergic contact dermatitis"""""",""""""allergic contact dermatitis to MDI""""""]"
DOID:0040053,"[""""""cobalt allergic contact dermatitis"""""",""""""allergic contact dermatitis to Co""""""]"
DOID:0040054,"[""""""Co allergic asthma"""""",""""""cobalt allergic asthma""""""]"
DOID:0040055,"[""""""palladium allergic contact dermatitis"""""",""""""allergic contact dermatitis to Pd""""""]"
DOID:0040056,"[""""""chromium allergic contact dermatitis""""""]"
DOID:0040057,"[""""""benzoic acid allergic contact dermatitis"""""",""""""allergic contact dermatitis to benzoate""""""]"
DOID:0040058,"[""""""1,4-phenylenediamine allergic contact dermatitis"""""",""""""allergic contact dermatitis to p-phenylenediamine"""""",""""""allergic contact dermatitis to PPD""""""]"
DOID:0040059,"[""""""potassium dichromate allergic contact dermatitis""""""]"
DOID:0040060,"[""""""ketoprofen photoallergic dermatitis"""""",""""""photoallergic dermatitis to Orudis""""""]"
DOID:0040061,"[""""""respiratory allergy to Reactive Black 5"""""",""""""remazole black respiratory allergy""""""]"
DOID:0040062,"[""""""respiratory allergy to Chlorazol"""""",""""""chloramine T respiratory allergy"""""",""""""respiratory allergy to Trichlorol"""""",""""""respiratory allergy to Chloraseptin""""""]"
DOID:0040063,"[""""""4-vinylcyclohexene dioxide respiratory allergy"""""",""""""respiratory allergy to vinyl cyclohexene diepoxide""""""]"
DOID:0040064,"[""""""allergic contact dermatitis to levo-carvone"""""",""""""carvone allergic contact dermatitis""""""]"
DOID:0040065,"[""""""Kinidin allergy"""""",""""""quinidine allergy""""""]"
DOID:0040066,"[""""""Alkeran allergy"""""",""""""melphalan allergy""""""]"
DOID:0040067,"[""""""allergic contact dermatitis to neomycin sulphate"""""",""""""neomycin sulfate allergic contact dermatitis""""""]"
DOID:0040068,"[""""""allergic contact dermatitis to butylphen"""""",""""""allergic contact dermatitis to PTBP"""""",""""""4-tert-butylphenol allergic contact dermatitis""""""]"
DOID:0040069,"[""""""allergic contact dermatitis to DNCB"""""",""""""allergic contact dermatitis to dinitrochlorobenzene"""""",""""""1-chloro-2,4-dinitrobenzene allergic contact dermatitis""""""]"
DOID:0040070,"[""""""co-trimoxazole allergy"""""",""""""Bactrim allergy"""""",""""""TMP/SMX allergy"""""",""""""cotrimoxazol allergy"""""",""""""trimethoprim/sulfamethoxazole allergy""""""]"
DOID:0040071,"[""""""sodium aurothiomalate allergy"""""",""""""gold sodium thiomalate allergy""""""]"
DOID:0040072,"[""""""parthenolide allergic contact dermatitis"""""",""""""allergic contact dermatitis to feverfew""""""]"
DOID:0040073,"[""""""DSCG allergy"""""",""""""disodium cromoglycate allergy""""""]"
DOID:0040074,"[""""""allergic contact dermatitis to formalin"""""",""""""formaldehyde allergic contact dermatitis""""""]"
DOID:0040075,"[""""""allergic contact dermatitis to benzisothiazolone"""""",""""""allergic contact dermatitis to BIT"""""",""""""benzo[d]isothiazol-3-one allergic contact dermatitis""""""]"
DOID:0040076,"[""""""phthalyl allergy"""""",""""""phthalyl group allergy""""""]"
DOID:0040077,"[""""""alcuronium bromide allergy""""""]"
DOID:0040078,"[""""""gallamine allergy""""""]"
DOID:0040079,"[""""""2,4-dinitrophenyl allergic contact dermatitis"""""",""""""allergic contact dermatitis to DNP""""""]"
DOID:0040080,"[""""""patent blue V allergy""""""]"
DOID:0040081,"[""""""acid anhydride respiratory allergy""""""]"
DOID:0040082,"[""""""ETO allergy"""""",""""""oxirane allergy"""""",""""""ethylene oxide allergy""""""]"
DOID:0040083,"[""""""Chlamydia pneumonia""""""]"
DOID:0040084,"[""""""Streptococcus pneumonia""""""]"
DOID:0040085,"[""""""bacterial sepsis""""""]"
DOID:0040086,"[""""""polyomavirus associated nephropathy"""""",""""""PVAN"""""",""""""Polyomavirus-associated Nephropathy""""""]"
DOID:0040087,"[""""""autoimmune peripheral neuropathy""""""]"
DOID:0040088,"[""""""autoimmune uveitis""""""]"
DOID:0040089,"[""""""autoimmune optic neuritis""""""]"
DOID:0040090,"[""""""autoimmune gastritis""""""]"
DOID:0040091,"[""""""autoimmune pancreatitis""""""]"
DOID:0040092,"[""""""juvenile ankylosing spondylitis""""""]"
DOID:0040093,"[""""""DILE"""""",""""""DIL"""""",""""""drug-induced lupus erythematosus""""""]"
DOID:0040094,"[""""""autoimmune glomerulonephritis""""""]"
DOID:0040095,"[""""""autoimmune cardiomyopathy""""""]"
DOID:0040096,"[""""""autoimmune atherosclerosis""""""]"
DOID:0040097,"[""""""autoimmune vasculitis""""""]"
DOID:0040098,"[""""""pemphigus gestationis""""""]"
DOID:0040099,"[""""""livedoid vasculitis"""""",""""""livedoid vasculopathy""""""]"
DOID:0040100,"[""""""Hirata disease"""""",""""""insulin autoimmune syndrome""""""]"
DOID:0040101,"[""""""N,N'-diphenylthiourea allergic contact dermatitis"""""",""""""neoprene allergy""""""]"
DOID:0040102,"[""""""N,N'-diethylthiourea allergic contact dermatitis"""""",""""""neoprene allergy""""""]"
DOID:0040103,"[""""""cefotiam allergy""""""]"
ICD10_CM:A01.00,"[""""""Typhoid fever, unspecified""""""]"
ICD10_CM:A01.01,"[""""""Typhoid meningitis""""""]"
ICD10_CM:A01.02,"[""""""Typhoid fever with heart involvementTyphoid endocarditis"""""",""""""Typhoid fever with heart involvement"""""",""""""Typhoid endocarditis"""""",""""""Typhoid myocarditis""""""]"
ICD10_CM:A01.03,"[""""""Typhoid pneumonia""""""]"
ICD10_CM:A01.04,"[""""""Typhoid arthritis""""""]"
ICD10_CM:A01.05,"[""""""Typhoid osteomyelitis""""""]"
ICD10_CM:A01.09,"[""""""Typhoid fever with other complications""""""]"
ICD10_CM:A02,"[""""""Other salmonella infections""""""]"
ICD10_CM:A02.20,"[""""""Localized salmonella infection, unspecified""""""]"
ICD10_CM:A02.21,"[""""""Salmonella meningitis""""""]"
ICD10_CM:A02.22,"[""""""Salmonella pneumonia""""""]"
ICD10_CM:A02.23,"[""""""Salmonella arthritis""""""]"
ICD10_CM:A02.24,"[""""""Salmonella osteomyelitis""""""]"
ICD10_CM:A02.25,"[""""""Salmonella tubulo-interstitial nephropathy"""""",""""""Salmonella pyelonephritis""""""]"
ICD10_CM:A04.3,"[""""""Enterohemorrhagic Escherichia coli infection""""""]"
ICD10_CM:A04.6,"[""""""extraintestinal yersiniosis"""""",""""""Enteritis due to Yersinia enterocolitica""""""]"
ICD10_CM:A04.7,"[""""""Pseudomembraneous colitis"""""",""""""Enterocolitis due to Clostridium difficile"""""",""""""Enterocolitis due to Clostridium difficileFoodborne intoxication by Clostridium difficile"""""",""""""Foodborne intoxication by Clostridium difficile""""""]"
ICD10_CM:A04.71,"[""""""Enterocolitis due to Clostridium difficile, recurrent""""""]"
ICD10_CM:A04.72,"[""""""Enterocolitis due to Clostridium difficile, not specified as recurrent""""""]"
ICD10_CM:A05,"[""""""Other bacterial foodborne intoxications, not elsewhere classified"""""",""""""listeriosis"""""",""""""Clostridium difficile foodborne intoxication and infection"""""",""""""Escherichia coli infection""""""]"
ICD10_CM:A05.1,"[""""""Botulism NOS"""""",""""""Classical foodborne intoxication due to Clostridium botulinuminfant botulism"""""",""""""Botulism food poisoning""""""]"
ICD10_CM:A05.2,"[""""""Foodborne Clostridium perfringens [Clostridium welchii] intoxication"""""",""""""Enteritis necroticansPig-bel"""""",""""""Pig-bel"""""",""""""Enteritis necroticans""""""]"
ICD10_CM:A05.5,"[""""""Foodborne Vibrio vulnificus intoxication""""""]"
ICD10_CM:A06,"[""""""acanthamebiasisother protozoal intestinal diseases"""""",""""""Amebiasis"""""",""""""Naegleriasis""""""]"
ICD10_CM:A06.0,"[""""""Acute amebic dysentery"""""",""""""Acute amebiasis"""""",""""""Intestinal amebiasis NOS"""""",""""""Intestinal amebiasis NOSAcute amebic dysentery""""""]"
ICD10_CM:A06.1,"[""""""Chronic intestinal amebiasis""""""]"
ICD10_CM:A06.2,"[""""""Amebic nondysenteric colitis""""""]"
ICD10_CM:A06.3,"[""""""Ameboma NOS"""""",""""""Ameboma of intestine""""""]"
ICD10_CM:A06.4,"[""""""Amebic liver abscess"""""",""""""Hepatic amebiasis""""""]"
ICD10_CM:A06.5,"[""""""Amebic lung abscess"""""",""""""Amebic abscess of lung (and liver)""""""]"
ICD10_CM:A06.6,"[""""""Amebic abscess of brain (and liver) (and lung)"""""",""""""Amebic brain abscess""""""]"
ICD10_CM:A06.7,"[""""""Cutaneous amebiasis""""""]"
ICD10_CM:A06.8,"[""""""Amebic infection of other sites""""""]"
ICD10_CM:A06.81,"[""""""Amebic cystitis""""""]"
ICD10_CM:A06.82,"[""""""Amebic vesiculitis"""""",""""""Other amebic genitourinary infections"""""",""""""Amebic vulvovaginitis"""""",""""""Amebic vulvovaginitisOther amebic genitourinary infections""""""]"
ICD10_CM:A06.89,"[""""""Amebic appendicitis"""""",""""""Amebic splenic abscess"""""",""""""Other amebic infections"""""",""""""Amebic appendicitisAmebic splenic abscess""""""]"
ICD10_CM:A06.9,"[""""""Amebiasis, unspecified""""""]"
ICD10_CM:A07.3,"[""""""Infection due to Isospora belli and Isospora hominis"""""",""""""Isosporiasis"""""",""""""Isosporosis"""""",""""""Intestinal coccidiosisInfection due to Isospora belli and Isospora hominis"""""",""""""Intestinal coccidiosis""""""]"
ICD10_CM:A07.4,"[""""""Cyclosporiasis""""""]"
ICD10_CM:A07.8,"[""""""Intestinal microsporidiosis"""""",""""""Other specified protozoal intestinal diseases"""""",""""""Intestinal microsporidiosisIntestinal trichomoniasis"""""",""""""Intestinal trichomoniasis""""""]"
ICD10_CM:A07.9,"[""""""Protozoal diarrhea"""""",""""""Protozoal diarrheaProtozoal colitis"""""",""""""Protozoal colitis"""""",""""""Protozoal intestinal disease, unspecified"""""",""""""Flagellate diarrhea""""""]"
ICD10_CM:A08,"[""""""Viral and other specified intestinal infections"""""",""""""influenza with involvement of gastrointestinal tract""""""]"
ICD10_CM:A08.1,"[""""""Acute gastroenteropathy due to Norwalk agent and other small round viruses""""""]"
ICD10_CM:A08.11,"[""""""Acute gastroenteropathy due to Norwalk agent"""""",""""""Acute gastroenteropathy due to Norovirus"""""",""""""Acute gastroenteropathy due to Norwalk-like agent"""""",""""""Acute gastroenteropathy due to Norwalk-like agentAcute gastroenteropathy due to Norovirus""""""]"
ICD10_CM:A08.19,"[""""""Acute gastroenteropathy due to small round virus [SRV] NOS"""""",""""""Acute gastroenteropathy due to other small round viruses""""""]"
ICD10_CM:A08.31,"[""""""Calicivirus enteritis""""""]"
ICD10_CM:A08.32,"[""""""Astrovirus enteritis""""""]"
ICD10_CM:A08.39,"[""""""Enterovirus enteritis NEC"""""",""""""Other viral enteritis"""""",""""""Torovirus enteritis"""""",""""""Torovirus enteritisEnterovirus enteritis NEC""""""]"
ICD10_CM:A08.4,"[""""""Viral enteritis NOS"""""",""""""Viral gastroenteritis NOSViral gastroenteropathy NOS"""""",""""""Viral intestinal infection, unspecified"""""",""""""Viral gastroenteropathy NOS"""""",""""""Viral gastroenteritis NOS""""""]"
ICD10_CM:A09,"[""""""Infectious enteritis NOS"""""",""""""diarrhea NOS"""""",""""""Infectious gastroenteritis NOScolitis NOS"""""",""""""Infectious colitis NOS"""""",""""""Infectious gastroenteritis and colitis, unspecified""""""]"
ICD10_CM:A15,"[""""""Respiratory tuberculosis""""""]"
ICD10_CM:A15.0,"[""""""Tuberculous fibrosis of lung"""""",""""""Tuberculosis of lung"""""",""""""Tuberculous pneumothorax"""""",""""""Tuberculous bronchiectasis"""""",""""""Tuberculous bronchiectasisTuberculous fibrosis of lung""""""]"
ICD10_CM:A15.5,"[""""""Tuberculosis of glottisTuberculosis of larynx"""""",""""""Tuberculosis of larynx, trachea and bronchus"""""",""""""Tuberculosis of larynx"""""",""""""Tuberculosis of bronchus"""""",""""""Tuberculosis of glottis""""""]"
ICD10_CM:A15.7,"[""""""Primary respiratory tuberculosis""""""]"
ICD10_CM:A15.8,"[""""""Nasopharyngeal tuberculosis"""""",""""""Other respiratory tuberculosis"""""",""""""Tuberculosis of sinus [any nasal]"""""",""""""Tuberculosis of nose"""""",""""""Nasopharyngeal tuberculosisTuberculosis of nose""""""]"
ICD10_CM:A15.9,"[""""""Respiratory tuberculosis unspecified""""""]"
ICD10_CM:A17.81,"[""""""Tuberculous abscess of brain and spinal cord"""""",""""""Tuberculoma of brain and spinal cord""""""]"
ICD10_CM:A17.82,"[""""""Tuberculous meningoencephalitis"""""",""""""Tuberculous myelitis""""""]"
ICD10_CM:A17.83,"[""""""Tuberculous mononeuropathy"""""",""""""Tuberculous neuritis""""""]"
ICD10_CM:A17.89,"[""""""Tuberculous polyneuropathy"""""",""""""Other tuberculosis of nervous system""""""]"
ICD10_CM:A17.9,"[""""""Tuberculosis of nervous system, unspecified""""""]"
ICD10_CM:A18.0,"[""""""Tuberculosis of bones and joints""""""]"
ICD10_CM:A18.01,"[""""""Tuberculosis of spine"""""",""""""Tuberculous arthritisTuberculous spondylitis"""""",""""""Tuberculous arthritis"""""",""""""Tuberculous spondylitis"""""",""""""Tuberculous osteomyelitis of spine""""""]"
ICD10_CM:A18.02,"[""""""Tuberculosis of knee (joint)Tuberculous arthritis of other joints"""""",""""""Tuberculosis of knee (joint)"""""",""""""Tuberculous arthritis of other joints"""""",""""""Tuberculosis of hip (joint)""""""]"
ICD10_CM:A18.09,"[""""""Other musculoskeletal tuberculosis"""""",""""""Tuberculous myositis"""""",""""""Tuberculous synovitis"""""",""""""Tuberculous synovitisTuberculous myositis""""""]"
ICD10_CM:A18.1,"[""""""Tuberculosis of genitourinary system""""""]"
ICD10_CM:A18.10,"[""""""Tuberculosis of genitourinary system, unspecified""""""]"
ICD10_CM:A18.11,"[""""""Tuberculosis of kidney and ureter""""""]"
ICD10_CM:A18.12,"[""""""Tuberculosis of bladder""""""]"
ICD10_CM:A18.13,"[""""""Tuberculous urethritis"""""",""""""Tuberculosis of other urinary organs""""""]"
ICD10_CM:A18.14,"[""""""Tuberculosis of prostate""""""]"
ICD10_CM:A18.15,"[""""""Tuberculosis of other male genital organs""""""]"
ICD10_CM:A18.16,"[""""""Tuberculosis of cervix""""""]"
ICD10_CM:A18.17,"[""""""Tuberculous endometritis"""""",""""""Tuberculous oophoritis and salpingitis"""""",""""""Tuberculous female pelvic inflammatory disease"""""",""""""Tuberculous female pelvic inflammatory diseaseTuberculous oophoritis and salpingitis""""""]"
ICD10_CM:A18.18,"[""""""Tuberculosis of other female genital organs"""""",""""""Tuberculous ulceration of vulva""""""]"
ICD10_CM:A18.3,"[""""""Tuberculosis of intestines, peritoneum and mesenteric glands""""""]"
ICD10_CM:A18.31,"[""""""Tuberculous peritonitis"""""",""""""Tuberculous ascites""""""]"
ICD10_CM:A18.39,"[""""""Retroperitoneal tuberculosis"""""",""""""Tuberculosis of retroperitoneal (lymph glands)"""""",""""""Tuberculosis of mesenteric glandsTuberculosis of retroperitoneal (lymph glands)"""""",""""""Tuberculosis of mesenteric glands""""""]"
ICD10_CM:A18.50,"[""""""Tuberculosis of eye, unspecified""""""]"
ICD10_CM:A18.51,"[""""""Tuberculous episcleritis""""""]"
ICD10_CM:A18.52,"[""""""Tuberculous keratitis"""""",""""""Tuberculous keratitisTuberculous keratoconjunctivitis (interstitial) (phlyctenular)"""""",""""""Tuberculous interstitial keratitis"""""",""""""Tuberculous keratoconjunctivitis (interstitial) (phlyctenular)""""""]"
ICD10_CM:A18.53,"[""""""Tuberculous chorioretinitis""""""]"
ICD10_CM:A18.54,"[""""""Tuberculous iridocyclitis""""""]"
ICD10_CM:A18.59,"[""""""Tuberculous conjunctivitis"""""",""""""Other tuberculosis of eye""""""]"
ICD10_CM:A18.6,"[""""""Tuberculosis of (inner) (middle) ear"""""",""""""tuberculosis of external ear"""""",""""""tuberculosis of external eartuberculous mastoiditis"""""",""""""tuberculous mastoiditis""""""]"
ICD10_CM:A18.7,"[""""""Tuberculous Addison's disease"""""",""""""Tuberculosis of adrenal glands""""""]"
ICD10_CM:A18.8,"[""""""Tuberculosis of other specified organs""""""]"
ICD10_CM:A18.81,"[""""""Tuberculosis of thyroid gland""""""]"
ICD10_CM:A18.82,"[""""""Tuberculosis of other endocrine glandsTuberculosis of pituitary gland"""""",""""""Tuberculosis of other endocrine glands"""""",""""""Tuberculosis of pituitary gland"""""",""""""Tuberculosis of thymus gland""""""]"
ICD10_CM:A18.83,"[""""""Tuberculosis of digestive tract organs, not elsewhere classified"""""",""""""tuberculosis of intestine""""""]"
ICD10_CM:A18.84,"[""""""Tuberculosis of heart"""""",""""""Tuberculous endocarditis"""""",""""""Tuberculous myocarditis"""""",""""""Tuberculous myocarditisTuberculous endocarditis"""""",""""""Tuberculous pericarditis""""""]"
ICD10_CM:A18.85,"[""""""Tuberculosis of spleen""""""]"
ICD10_CM:A18.89,"[""""""Tuberculosis of muscleTuberculous cerebral arteritis"""""",""""""Tuberculosis of muscle"""""",""""""Tuberculosis of other sites"""""",""""""Tuberculous cerebral arteritis""""""]"
ICD10_CM:A20,"[""""""Plague""""""]"
ICD10_CM:A20.7,"[""""""Septicemic plague""""""]"
ICD10_CM:A20.8,"[""""""Abortive plagueOther forms of plague"""""",""""""Abortive plague"""""",""""""Other forms of plague"""""",""""""Pestis minor""""""]"
ICD10_CM:A21,"[""""""Tularemia""""""]"
ICD10_CM:A21.0,"[""""""Ulceroglandular tularemia""""""]"
ICD10_CM:A21.1,"[""""""Oculoglandular tularemia"""""",""""""Ophthalmic tularemia""""""]"
ICD10_CM:A21.2,"[""""""Pulmonary tularemia""""""]"
ICD10_CM:A21.3,"[""""""Abdominal tularemia"""""",""""""Gastrointestinal tularemia""""""]"
ICD10_CM:A21.7,"[""""""Generalized tularemia""""""]"
ICD10_CM:A21.8,"[""""""Other forms of tularemia""""""]"
ICD10_CM:A21.9,"[""""""Tularemia, unspecified""""""]"
ICD10_CM:A22,"[""""""Anthrax""""""]"
ICD10_CM:A22.0,"[""""""Malignant carbuncleCutaneous anthrax"""""",""""""Cutaneous anthrax"""""",""""""Malignant pustule"""""",""""""Malignant carbuncle""""""]"
ICD10_CM:A22.1,"[""""""Inhalation anthrax"""""",""""""Ragpicker's disease"""""",""""""Ragpicker's diseasePulmonary anthrax"""""",""""""Pulmonary anthrax""""""]"
ICD10_CM:A22.8,"[""""""Anthrax meningitis"""""",""""""Other forms of anthrax""""""]"
ICD10:A02,"[""""""Other salmonella infections"""""",""""""infection or foodborne intoxication due to any Salmonella species other than S. typhi and S. paratyphi""""""]"
ICD10:A02.2,"[""""""Salmonella: meningitisG01"""""",""""""Salmonella: pneumoniaJ17.0"""""",""""""Localized salmonella infections"""""",""""""Salmonella: osteomyelitisM90.2"""""",""""""Salmonella: arthritisM01.3"""""",""""""Salmonella: renal tubulo-interstitial diseaseN16.0""""""]"
ICD10:A04,"[""""""tuberculous enteritisA18.3"""""",""""""foodborne intoxications elsewhere classified"""""",""""""Other bacterial intestinal infections""""""]"
ICD10:A04.3,"[""""""Enterohaemorrhagic Escherichia coli infection""""""]"
ICD10:A04.6,"[""""""extraintestinal yersiniosisA28.2"""""",""""""Enteritis due to Yersinia enterocolitica""""""]"
ICD10:A04.7,"[""""""Enterocolitis due to Clostridium difficile"""""",""""""Foodborne intoxication by Clostridium difficile"""""",""""""Pseudomembranous colitis""""""]"
ICD10:A05,"[""""""salmonella foodborne intoxication and infectionA02.-"""""",""""""Escherichia coli infectionA04.0-A04.4"""""",""""""toxic effect of noxious foodstuffsT61-T62"""""",""""""Other bacterial foodborne intoxications, not elsewhere classified"""""",""""""Clostridium difficile foodborne intoxication and infectionA04.7"""""",""""""listeriosisA32.-""""""]"
ICD10:A05.1,"[""""""Classical foodborne intoxication due to Clostridium botulinum"""""",""""""Botulism""""""]"
ICD10:A05.2,"[""""""Foodborne Clostridium perfringens [Clostridium welchii] intoxication"""""",""""""Pig-bel"""""",""""""Enteritis necroticans""""""]"
ICD10:A06,"[""""""infection due to Entamoeba histolytica"""""",""""""other protozoal intestinal diseasesA07.-"""""",""""""Amoebiasis""""""]"
ICD10:A06.0,"[""""""Acute amoebiasis"""""",""""""Acute amoebic dysentery"""""",""""""Intestinal amoebiasis NOS""""""]"
ICD10:A06.1,"[""""""Chronic intestinal amoebiasis""""""]"
ICD10:A06.2,"[""""""Amoebic nondysenteric colitis""""""]"
ICD10:A06.3,"[""""""Amoeboma of intestine"""""",""""""Amoeboma NOS""""""]"
ICD10:A06.4,"[""""""Amoebic liver abscessK77.0"""""",""""""Hepatic amoebiasis""""""]"
ICD10:A06.5,"[""""""Amoebic lung abscessJ99.8"""""",""""""Amoebic abscess of lung (and liver)""""""]"
ICD10:A06.6,"[""""""Amoebic brain abscessG07"""""",""""""Amoebic abscess of brain (and liver)(and lung)""""""]"
ICD10:A06.7,"[""""""Cutaneous amoebiasis""""""]"
ICD10:A06.8,"[""""""Amoebic: appendicitis"""""",""""""Amoebic: balanitisN51.2"""""",""""""Amoebic infection of other sites""""""]"
ICD10:A06.9,"[""""""Amoebiasis, unspecified""""""]"
ICD10:A07.3,"[""""""Isosporiasis"""""",""""""Intestinal coccidiosis"""""",""""""Isosporosis"""""",""""""Infection due to Isospora belli and Isospora hominis""""""]"
ICD10:A07.8,"[""""""Intestinal trichomoniasis"""""",""""""Other specified protozoal intestinal diseases"""""",""""""Sarcosporidiosis"""""",""""""Sarcocystosis""""""]"
ICD10:A07.9,"[""""""Protozoal: dysentery"""""",""""""Protozoal: diarrhoea"""""",""""""Flagellate diarrhoea"""""",""""""Protozoal: colitis"""""",""""""Protozoal intestinal disease, unspecified""""""]"
ICD10:A08,"[""""""Viral and other specified intestinal infections"""""",""""""influenza with involvement of gastrointestinal tractJ09J10.8J11.8""""""]"
ICD10:A08.1,"[""""""Acute gastroenteropathy due to Norwalk agent"""""",""""""Small round structured virus enteritis""""""]"
ICD10:A08.4,"[""""""Viral: gastroenteropathy NOS"""""",""""""Viral intestinal infection, unspecified"""""",""""""Viral: gastroenteritis NOS"""""",""""""Viral: enteritis NOS""""""]"
ICD10:A09,"[""""""noninfective (see noninfectious) diarrhoeaK52.9"""""",""""""Other gastroenteritis and colitis of infectious and unspecified origin"""""",""""""due to bacterial, protozoal, viral and other specified infectious agentsA00-A08"""""",""""""noninfective (see noninfectious) diarrhoea neonatalP78.3""""""]"
ICD10:A09.0,"[""""""Diarrhoea: acute haemorrhagic"""""",""""""Diarrhoea: epidemic"""""",""""""Other and unspecified gastroenteritis and colitis of infectious origin"""""",""""""Infectious or septic colitis haemorrhagic"""""",""""""Infectious diarrhoea NOS"""""",""""""Infectious or septic enteritis NOS"""""",""""""Infectious or septic gastroenteritis haemorrhagic""""""]"
ICD10:A09.9,"[""""""Gastroenteritis and colitis of unspecified origin"""""",""""""Neonatal diarrhoea NOS""""""]"
ICD10:A15.0,"[""""""Tuberculous: pneumonia confirmed by sputum microscopy with or without culture"""""",""""""Tuberculous: fibrosis of lung confirmed by sputum microscopy with or without culture"""""",""""""Tuberculous: bronchiectasis confirmed by sputum microscopy with or without culture"""""",""""""Tuberculosis of lung, confirmed by sputum microscopy with or without culture"""""",""""""Tuberculous: pneumothorax confirmed by sputum microscopy with or without culture""""""]"
ICD10:A15.1,"[""""""Tuberculosis of lung, confirmed by culture only"""""",""""""Conditions listed in A15.0, confirmed by culture only""""""]"
ICD10:A15.2,"[""""""Tuberculosis of lung, confirmed histologically"""""",""""""Conditions listed in A15.0, confirmed histologically""""""]"
ICD10:A15.3,"[""""""Tuberculosis of lung, confirmed by unspecified means"""""",""""""Conditions listed in A15.0, confirmed but unspecified whether bacteriologically or histologically""""""]"
ICD10:A15.4,"[""""""Tuberculosis of intrathoracic lymph nodes, confirmed bacteriologically and histologically"""""",""""""Tuberculosis of lymph nodes: mediastinal confirmed bacteriologically and histologically"""""",""""""Tuberculosis of lymph nodes: tracheobronchial confirmed bacteriologically and histologically"""""",""""""specified as primaryA15.7"""""",""""""Tuberculosis of lymph nodes: hilar confirmed bacteriologically and histologically""""""]"
ICD10:A15.5,"[""""""Tuberculosis of: bronchus confirmed bacteriologically and histologically"""""",""""""Tuberculosis of: trachea confirmed bacteriologically and histologically"""""",""""""Tuberculosis of: larynx confirmed bacteriologically and histologically"""""",""""""Tuberculosis of larynx, trachea and bronchus, confirmed bacteriologically and histologically"""""",""""""Tuberculosis of: glottis confirmed bacteriologically and histologically""""""]"
ICD10:A15.6,"[""""""Tuberculous pleurisy, confirmed bacteriologically and histologically"""""",""""""in primary respiratory tuberculosis, confirmed bacteriologically and histologicallyA15.7"""""",""""""Tuberculosis of pleura confirmed bacteriologically and histologically"""""",""""""Tuberculous empyema confirmed bacteriologically and histologically""""""]"
ICD10:A15.7,"[""""""Primary respiratory tuberculosis, confirmed bacteriologically and histologically""""""]"
ICD10:A15.8,"[""""""Tuberculosis of: nose confirmed bacteriologically and histologically"""""",""""""Tuberculosis of: sinus [any nasal] confirmed bacteriologically and histologically"""""",""""""Mediastinal tuberculosis confirmed bacteriologically and histologically"""""",""""""Other respiratory tuberculosis, confirmed bacteriologically and histologically"""""",""""""Nasopharyngeal tuberculosis confirmed bacteriologically and histologically""""""]"
ICD10:A15.9,"[""""""Respiratory tuberculosis unspecified, confirmed bacteriologically and histologically""""""]"
ICD10:A16.0,"[""""""Tuberculous: pneumonia bacteriologically and histologically negative"""""",""""""Tuberculous: bronchiectasis bacteriologically and histologically negative"""""",""""""Tuberculosis of lung, bacteriologically and histologically negative"""""",""""""Tuberculous: pneumothorax bacteriologically and histologically negative"""""",""""""Tuberculous: fibrosis of lung bacteriologically and histologically negative""""""]"
ICD10:A16.1,"[""""""Tuberculosis of lung, bacteriological and histological examination not done"""""",""""""Conditions listed in A16.0, bacteriological and histological examination not done""""""]"
ICD10:A16.2,"[""""""Tuberculous: bronchiectasis NOS (without mention of bacteriological or histological confirmation)"""""",""""""Tuberculous: pneumonia NOS (without mention of bacteriological or histological confirmation)"""""",""""""Tuberculosis of lung NOS (without mention of bacteriological or histological confirmation)"""""",""""""Tuberculous: pneumothorax NOS (without mention of bacteriological or histological confirmation)"""""",""""""Tuberculous: fibrosis of lung NOS (without mention of bacteriological or histological confirmation)"""""",""""""Tuberculosis of lung, without mention of bacteriological or histological confirmation""""""]"
ICD10:A16.3,"[""""""Tuberculosis of lymph nodes: intrathoracic NOS (without mention of bacteriological or histological confirmation)"""""",""""""when specified as primaryA16.7"""""",""""""Tuberculosis of lymph nodes: mediastinal NOS (without mention of bacteriological or histological confirmation)"""""",""""""Tuberculosis of intrathoracic lymph nodes, without mention of bacteriological or histological confirmation"""""",""""""Tuberculosis of lymph nodes: hilar NOS (without mention of bacteriological or histological confirmation)"""""",""""""Tuberculosis of lymph nodes: tracheobronchial NOS (without mention of bacteriological or histological confirmation)""""""]"
ICD10:A16.4,"[""""""Tuberculosis of: larynx NOS (without mention of bacteriological or histological confirmation)"""""",""""""Tuberculosis of: glottis NOS (without mention of bacteriological or histological confirmation)"""""",""""""Tuberculosis of: bronchus NOS (without mention of bacteriological or histological confirmation)"""""",""""""Tuberculosis of: trachea NOS (without mention of bacteriological or histological confirmation)"""""",""""""Tuberculosis of larynx, trachea and bronchus, without mention of bacteriological or histological confirmation""""""]"
ICD10:A16.5,"[""""""Tuberculous pleurisy, without mention of bacteriological or histological confirmation"""""",""""""Tuberculous: empyema NOS (without mention of bacteriological or histological confirmation)"""""",""""""in primary respiratory tuberculosisA16.7"""""",""""""Tuberculosis of pleura NOS (without mention of bacteriological or histological confirmation)"""""",""""""Tuberculous: pleurisy NOS (without mention of bacteriological or histological confirmation)""""""]"
ICD10:A16.7,"[""""""Primary: tuberculous complex"""""",""""""Primary respiratory tuberculosis without mention of bacteriological or histological confirmation"""""",""""""Primary: respiratory tuberculosis NOS""""""]"
ICD10:A16.8,"[""""""Tuberculosis of: sinus [any nasal] NOS (without mention of bacteriological or histological confirmation)"""""",""""""Other respiratory tuberculosis, without mention of bacteriological or histological confirmation"""""",""""""Mediastinal tuberculosis NOS (without mention of bacteriological or histological confirmation)"""""",""""""Nasopharyngeal tuberculosis NOS (without mention of bacteriological or histological confirmation)"""""",""""""Tuberculosis of: nose NOS (without mention of bacteriological or histological confirmation)""""""]"
ICD10:A16.9,"[""""""Respiratory tuberculosis NOS"""""",""""""Tuberculosis NOS"""""",""""""Respiratory tuberculosis unspecified, without mention of bacteriological or histological confirmation""""""]"
ICD10:A17.0,"[""""""Tuberculous leptomeningitis"""""",""""""Tuberculosis of meninges (cerebral)(spinal)"""""",""""""Tuberculous meningitisG01""""""]"
ICD10:A17.1,"[""""""Tuberculoma of meninges"""""",""""""Meningeal tuberculomaG07""""""]"
ICD10:A17.8,"[""""""Tuberculoma of brainG07"""""",""""""Tuberculous: abscess of brainG07"""""",""""""Tuberculous: myelitisG05.0"""""",""""""Tuberculous: meningoencephalitisG05.0"""""",""""""Other tuberculosis of nervous system"""""",""""""Tuberculoma of spinal cordG07""""""]"
ICD10:A17.9,"[""""""Tuberculosis of nervous system, unspecifiedG99.8""""""]"
ICD10:A18.0,"[""""""Tuberculosis of: kneeM01.1"""""",""""""Tuberculous: mastoiditisH75.0"""""",""""""Tuberculous: osteomyelitisM90.0"""""",""""""Tuberculosis of bones and joints"""""",""""""Tuberculous: osteitisM90.0"""""",""""""Tuberculous: synovitisM68.0"""""",""""""Tuberculous: arthritisM01.1""""""]"
ICD10:A18.1,"[""""""Tuberculosis of: kidneyN29.1"""""",""""""Tuberculous female pelvic inflammatory diseaseN74.1"""""",""""""Tuberculosis of genitourinary system"""""",""""""Tuberculosis of: male genital organsN51.-"""""",""""""Tuberculosis of: ureterN29.1"""""",""""""Tuberculosis of: cervixN74.0""""""]"
ICD10:A18.2,"[""""""Tuberculous adenitis"""""",""""""tuberculous tracheobronchial adenopathyA15.4A16.3"""""",""""""tuberculosis of lymph nodes: mesenteric and retroperitonealA18.3"""""",""""""tuberculosis of lymph nodes: intrathoracicA15.4A16.3"""""",""""""Tuberculous peripheral lymphadenopathy""""""]"
ICD10:A18.3,"[""""""Tuberculosis of intestines, peritoneum and mesenteric glands"""""",""""""Tuberculous: enteritisK93.0"""""",""""""Tuberculosis (of): intestine (large)(small)K93.0"""""",""""""Tuberculosis (of): retroperitoneal (lymph nodes)"""""",""""""Tuberculous: peritonitisK67.3"""""",""""""Tuberculous: ascites""""""]"
ICD10:A18.4,"[""""""Tuberculosis of skin and subcutaneous tissue"""""",""""""Scrofuloderma"""""",""""""Lupus: vulgaris: NOS"""""",""""""Erythema induratum, tuberculous"""""",""""""lupus erythematosus systemicM32.-"""""",""""""Lupus: vulgaris: of eyelidH03.1"""""",""""""Lupus: exedens""""""]"
ICD10:A18.5,"[""""""lupus vulgaris of eyelidA18.4"""""",""""""Tuberculous: chorioretinitisH32.0"""""",""""""Tuberculous: episcleritisH19.0"""""",""""""Tuberculous: keratoconjunctivitis (interstitial)(phlyctenular)H19.2"""""",""""""Tuberculosis of eye"""""",""""""Tuberculous: iridocyclitisH22.0"""""",""""""Tuberculous: interstitial keratitisH19.2""""""]"
ICD10:A18.6,"[""""""tuberculous mastoiditisA18.0"""""",""""""Tuberculosis of ear"""""",""""""Tuberculous otitis mediaH67.0""""""]"
ICD10:A18.7,"[""""""Addison disease, tuberculous"""""",""""""Tuberculosis of adrenal glandsE35.1""""""]"
ICD10:A18.8,"[""""""Tuberculosis of: endocardiumI39.8"""""",""""""Tuberculous cerebral arteritisI68.1"""""",""""""Tuberculosis of: myocardiumI41.0"""""",""""""Tuberculosis of other specified organs"""""",""""""Tuberculosis of: oesophagusK23.0"""""",""""""Tuberculosis of: pericardiumI32.0""""""]"
ICD10:A19,"[""""""tuberculous polyserositis"""""",""""""tuberculosis: generalized"""""",""""""Miliary tuberculosis"""""",""""""tuberculosis: disseminated""""""]"
ICD10:A20,"[""""""Plague"""""",""""""infection due to Yersinia pestis""""""]"
ICD10:A20.7,"[""""""Septicaemic plague""""""]"
ICD10:A20.8,"[""""""Abortive plague"""""",""""""Other forms of plague"""""",""""""Asymptomatic plague"""""",""""""Pestis minor""""""]"
ICD10:A21,"[""""""Tularaemia"""""",""""""rabbit fever"""""",""""""infection due to Francisella tularensis"""""",""""""deer-fly fever""""""]"
ICD10:A21.0,"[""""""Ulceroglandular tularaemia""""""]"
ICD10:A21.1,"[""""""Ophthalmic tularaemia"""""",""""""Oculoglandular tularaemia""""""]"
ICD10:A21.2,"[""""""Pulmonary tularaemia""""""]"
ICD10:A21.3,"[""""""Gastrointestinal tularaemia"""""",""""""Abdominal tularaemia""""""]"
ICD10:A21.7,"[""""""Generalized tularaemia""""""]"
ICD10:A21.8,"[""""""Other forms of tularaemia""""""]"
ICD10:A21.9,"[""""""Tularaemia, unspecified""""""]"
ICD10:A22,"[""""""Anthrax"""""",""""""infection due to Bacillus anthracis""""""]"
ICD10:A22.0,"[""""""Malignant: pustule"""""",""""""Cutaneous anthrax"""""",""""""Malignant: carbuncle""""""]"
ICD10:A22.1,"[""""""Inhalation anthrax"""""",""""""Woolsorter disease"""""",""""""Pulmonary anthrax"""""",""""""Ragpicker disease""""""]"
ICD10:A22.8,"[""""""Other forms of anthrax"""""",""""""Anthrax meningitisG01""""""]"
ICD10:A23,"[""""""Brucellosis"""""",""""""fever: Malta"""""",""""""fever: undulant"""""",""""""fever: Mediterranean""""""]"
ICD10:A23.9,"[""""""Brucellosis, unspecified""""""]"
ICD10:A24,"[""""""Glanders and melioidosis""""""]"
ICD10:A24.0,"[""""""Infection due to Pseudomonas mallei"""""",""""""Glanders"""""",""""""Infection due to Burkholderia mallei"""""",""""""Malleus""""""]"
ICD10:A24.1,"[""""""Melioidosis: pneumonia"""""",""""""Acute and fulminating melioidosis"""""",""""""Melioidosis: sepsis""""""]"
ICD10:A24.2,"[""""""Subacute and chronic melioidosis""""""]"
ICD10:A24.3,"[""""""Other melioidosis""""""]"
ICD10:A24.4,"[""""""Infection due to Pseudomonas pseudomallei NOS"""""",""""""Whitmore disease"""""",""""""Infection due to Burkholderia pseudomallei NOS"""""",""""""Melioidosis, unspecified""""""]"
ICD10:A25,"[""""""Rat-bite fevers""""""]"
ICD10:A25.0,"[""""""Sodoku"""""",""""""Spirillosis""""""]"
ICD10:A25.1,"[""""""Streptobacillosis"""""",""""""Streptobacillary rat-bite fever"""""",""""""Haverhill fever"""""",""""""Epidemic arthritic erythema""""""]"
ICD10:A25.9,"[""""""Rat-bite fever, unspecified""""""]"
ICD10:A26,"[""""""Erysipeloid""""""]"
ICD10:A26.0,"[""""""Erythema migrans"""""",""""""Cutaneous erysipeloid""""""]"
ICD10:A26.7,"[""""""Erysipelothrix sepsis""""""]"
ICD10:A26.8,"[""""""Other forms of erysipeloid""""""]"
ICD10:A26.9,"[""""""Erysipeloid, unspecified""""""]"
ICD10:A27,"[""""""Leptospirosis""""""]"
ICD10:A27.0,"[""""""Leptospirosis icterohaemorrhagica"""""",""""""Leptospirosis due to Leptospira interrogans serovar icterohaemorrhagiae""""""]"
ICD10:A27.8,"[""""""Other forms of leptospirosis""""""]"
ICD10:A27.9,"[""""""Leptospirosis, unspecified""""""]"
ICD10:A28,"[""""""Other zoonotic bacterial diseases, not elsewhere classified""""""]"
ICD10:A28.0,"[""""""Pasteurellosis""""""]"
ICD10:A28.1,"[""""""Cat-scratch fever"""""",""""""Cat-scratch disease""""""]"
ICD10:A28.2,"[""""""plagueA20.-"""""",""""""enteritis due to Yersinia enterocoliticaA04.6"""""",""""""Extraintestinal yersiniosis""""""]"
ICD10:A28.8,"[""""""Other specified zoonotic bacterial diseases, not elsewhere classified""""""]"
ICD10:A28.9,"[""""""Zoonotic bacterial disease, unspecified""""""]"
ICD10:A30,"[""""""infection due to Mycobacterium leprae"""""",""""""Leprosy [Hansen disease]"""""",""""""sequelae of leprosyB92""""""]"
ICD10:A30.0,"[""""""I leprosy"""""",""""""Indeterminate leprosy""""""]"
ICD10:A30.1,"[""""""Tuberculoid leprosy"""""",""""""TT leprosy""""""]"
ICD10:A30.2,"[""""""BT leprosy"""""",""""""Borderline tuberculoid leprosy""""""]"
ICD10:A30.3,"[""""""BB leprosy"""""",""""""Borderline leprosy""""""]"
ICD10:A30.4,"[""""""Borderline lepromatous leprosy"""""",""""""BL leprosy""""""]"
ICD10:A30.5,"[""""""Lepromatous leprosy"""""",""""""LL leprosy""""""]"
ICD10:A30.8,"[""""""Other forms of leprosy""""""]"
ICD10:A30.9,"[""""""Leprosy, unspecified""""""]"
ICD10:A31,"[""""""tuberculosisA15-A19"""""",""""""leprosyA30.-"""""",""""""Infection due to other mycobacteria""""""]"
ICD10:A31.0,"[""""""Pulmonary mycobacterial infection"""""",""""""Infection due to Mycobacterium: intracellulare [Battey bacillus]"""""",""""""Infection due to Mycobacterium: kansasii"""""",""""""Infection due to Mycobacterium: avium""""""]"
ICD10:A31.1,"[""""""Infection due to Mycobacterium: marinum"""""",""""""Cutaneous mycobacterial infection"""""",""""""Buruli ulcer"""""",""""""Infection due to Mycobacterium: ulcerans""""""]"
ICD10:A31.8,"[""""""Other mycobacterial infections""""""]"
ICD10:A31.9,"[""""""Mycobacterial infection, unspecified"""""",""""""Atypical mycobacterium infection NOS"""""",""""""Mycobacteriosis NOS""""""]"
ICD10:A32,"[""""""listerial foodborne infection"""""",""""""Listeriosis"""""",""""""neonatal (disseminated) listeriosisP37.2""""""]"
MeSH:D000004,"[""""""Abbreviations as Topic"""""",""""""Acronyms as Topic""""""]"
MeSH:D000003,"[""""""Slaughterhouses"""""",""""""Slaughter House"""""",""""""Slaughter Houses"""""",""""""Abattoirs""""""]"
MeSH:D000005,"[""""""Abdomen""""""]"
MeSH:D000002,"[""""""Temefos"""""",""""""Temephos"""""",""""""Abate"""""",""""""Difos""""""]"
MeSH:D000001,"[""""""Antibiotic A23187"""""",""""""Calcimycin"""""",""""""A23187"""""",""""""A-23187""""""]"
MeSH:D000006,"[""""""Abdomen, Acute""""""]"
MeSH:D000007,"[""""""Injuries, Abdominal"""""",""""""Abdominal Injuries""""""]"
MeSH:D000008,"[""""""Abdominal Neoplasms""""""]"
MeSH:D000009,"[""""""Transverse Abdominal"""""",""""""Cremaster Muscle"""""",""""""Abdominal Muscles"""""",""""""Pyramidalis Muscle"""""",""""""Transversus Abdominis"""""",""""""Quadratus Abdominis""""""]"
MeSH:D000011,"[""""""Abelson Leukemia Virus"""""",""""""Abelson murine leukemia virus""""""]"
MeSH:D000010,"[""""""Nerve VI"""""",""""""Nervus Abducens"""""",""""""Sixth Cranial Nerve"""""",""""""Abducens Nerve"""""",""""""Cranial Nerve VI"""""",""""""Abducent Nerve""""""]"
MeSH:D000013,"[""""""Congenital Abnormalities"""""",""""""Birth Defects"""""",""""""Abnormalities, Congenital"""""",""""""Defects, Congenital"""""",""""""Congenital Defects"""""",""""""Deformities""""""]"
MeSH:D000012,"[""""""Microsomal Triglyceride Transfer Protein Deficiency Disease"""""",""""""Bassen-Kornzweig Syndrome"""""",""""""Abetalipoproteinemia"""""",""""""Acanthocytosis"""""",""""""Bassen-Kornzweig Disease"""""",""""""Betalipoprotein Deficiency Disease"""""",""""""Microsomal Triglyceride Transfer Protein Deficiency""""""]"
MeSH:D000014,"[""""""Drug-Induced Abnormalities"""""",""""""Abnormalities, Drug-Induced""""""]"
MeSH:D000015,"[""""""Abnormalities, Multiple"""""",""""""Multiple Abnormalities""""""]"
MeSH:D000017,"[""""""ABH Blood Group"""""",""""""H Blood Group System"""""",""""""H Blood Group"""""",""""""ABO Factors"""""",""""""ABO Blood-Group System"""""",""""""Blood Group H Type 1 Antigen""""""]"
MeSH:D000018,"[""""""Abomasum""""""]"
MeSH:D000016,"[""""""Abnormalities, Radiation-Induced"""""",""""""Radiation-Induced Abnormalities""""""]"
MeSH:D000019,"[""""""Abortifacient Agents"""""",""""""Abortifacients"""""",""""""Contraceptive Agents, Postconception"""""",""""""Abortifacient Effect"""""",""""""Abortifacient Effects""""""]"
MeSH:D000023,"[""""""Abortion Seekers"""""",""""""Abortion Seekers, Refused"""""",""""""Abortion Applicants"""""",""""""Abortion Seekers, Repeated""""""]"
MeSH:D000020,"[""""""Abortifacient Agents, Non-Steroidal"""""",""""""Abortifacient Agents, Nonsteroidal""""""]"
MeSH:D000021,"[""""""Abortifacient Agents, Steroidal"""""",""""""Steroid Abortifacients""""""]"
MeSH:D000024,"[""""""Abortion, Criminal"""""",""""""Illegal Abortion"""""",""""""Abortion, Illegal""""""]"
MeSH:D000022,"[""""""Miscarriage"""""",""""""Abortion, Tubal"""""",""""""Early Pregnancy Loss"""""",""""""Spontaneous Abortion"""""",""""""Abortion, Spontaneous""""""]"
MeSH:D000025,"[""""""Abortion, Selective"""""",""""""Eugenic Abortion"""""",""""""Abortion, Eugenic"""""",""""""Selective Abortion""""""]"
MeSH:D000026,"[""""""Recurrent Early Pregnancy Loss"""""",""""""Miscarriage, Recurrent"""""",""""""Abortion, Habitual"""""",""""""Abortion, Recurrent""""""]"
MeSH:D000029,"[""""""Abortion on Demand"""""",""""""Abortion, Legal""""""]"
MeSH:D000027,"[""""""Abortion, Incomplete""""""]"
MeSH:D000028,"[""""""Previous Abortion"""""",""""""Abortion, Soap-Solution"""""",""""""Abortion Technics"""""",""""""Abortion Rate"""""",""""""Abortion, Rivanol"""""",""""""Abortion, Induced"""""",""""""Abortion History"""""",""""""Abortion Techniques"""""",""""""Anti-Abortion Groups"""""",""""""Abortion, Drug-Induced"""""",""""""Abortion (Induced)"""""",""""""Induced Abortion"""""",""""""Embryotomy"""""",""""""Abortion, Saline-Solution"""""",""""""Abortion Failure"""""",""""""Fertility Control, Postconception""""""]"
MeSH:D000030,"[""""""Abortion, Missed""""""]"
MeSH:D000032,"[""""""Therapeutic Abortion"""""",""""""Abortion, Therapeutic""""""]"
MeSH:D000035,"[""""""Abreaction""""""]"
MeSH:D000031,"[""""""Abortion, Septic"""""",""""""Septic Abortion""""""]"
MeSH:D000033,"[""""""Abortion, Threatened"""""",""""""Threatened Miscarriage""""""]"
MeSH:D000034,"[""""""Veterinary Abortion"""""",""""""Abortion, Veterinary""""""]"
MeSH:D000037,"[""""""Placental Abruption"""""",""""""Abruptio Placentae""""""]"
MeSH:D000036,"[""""""Abrin C"""""",""""""Abrin A"""""",""""""Abrin""""""]"
MeSH:D000041,"[""""""Absenteeism""""""]"
MeSH:D000042,"[""""""Absorption""""""]"
MeSH:D000038,"[""""""Abscess""""""]"
MeSH:D000039,"[""""""Abscess, Peritonsillar"""""",""""""Peritonsillar Abscess""""""]"
MeSH:D000043,"[""""""Abstracting and Indexing as Topic"""""",""""""Indexing"""""",""""""Indexing and Abstracting"""""",""""""Indexing as Topic"""""",""""""Indexes as Topic"""""",""""""Abstracting as Topic"""""",""""""Indexing and Abstracting as Topic"""""",""""""Abstracting"""""",""""""Abstracting and Indexing""""""]"
MeSH:D000044,"[""""""Dental Abutments"""""",""""""Abutment, Dental"""""",""""""Dental Abutment"""""",""""""Abutments, Dental""""""]"
MeSH:D000040,"[""""""Abscissins"""""",""""""Abscissic Acid"""""",""""""Abscisic Acid"""""",""""""Abscisic Acid, (Z,E)-Isomer"""""",""""""Abscisic Acid, (E,Z)-(+,-)-Isomer"""""",""""""Abscisic Acid, (E,E)-(+-)-Isomer"""""",""""""Abscisic Acid, (+,-)-Isomer"""""",""""""Abscisic Acid Monoammonium Salt, (R)-Isomer"""""",""""""Abscisic Acid, (R)-Isomer""""""]"
MeSH:D000045,"[""""""Acacia catechu"""""",""""""Acacia"""""",""""""Locust Tree"""""",""""""Wattle Tree""""""]"
MeSH:D000047,"[""""""Academies and Institutes"""""",""""""Institutes"""""",""""""Research Institutes"""""",""""""Academies"""""",""""""Academy and Institute"""""",""""""Institutes and Academies""""""]"
MeSH:D000046,"[""""""Center, Academic Medical"""""",""""""Centers, Academic Medical"""""",""""""University Medical Centers"""""",""""""Medical Center, Academic"""""",""""""Medical Centers, Academic"""""",""""""Medical Centers, University"""""",""""""Centers, University Medical"""""",""""""Academic Medical Center"""""",""""""University Medical Center"""""",""""""Academic Medical Centers"""""",""""""Center, University Medical"""""",""""""Medical Center, University""""""]"
MeSH:D000048,"[""""""Acanthamoeba""""""]"
MeSH:D000050,"[""""""Acanthocytes""""""]"
MeSH:D000049,"[""""""Thorny-Headed Worms"""""",""""""Acanthocephala""""""]"
MeSH:D000054,"[""""""Acceleration""""""]"
MeSH:D000053,"[""""""Acari""""""]"
MeSH:D000052,"[""""""Acanthosis Nigricans""""""]"
MeSH:D000051,"[""""""Acantholysis""""""]"
MeSH:D000057,"[""""""Accident Proneness""""""]"
MeSH:D000056,"[""""""Accident Prevention"""""",""""""Prevention, Accident""""""]"
MeSH:D000058,"[""""""Falls, Accidental"""""",""""""Slip and Fall"""""",""""""Falling"""""",""""""Accidental Falls"""""",""""""Falls""""""]"
MeSH:D000059,"[""""""Accidents""""""]"
MeSH:D000055,"[""""""Spinal Accessory Nerve"""""",""""""Nervus Accessorius"""""",""""""Cranial Nerve XI"""""",""""""Nerve XI"""""",""""""Eleventh Cranial Nerve"""""",""""""Accessory Nerve""""""]"
MeSH:D000060,"[""""""Accidents, Aviation""""""]"
MeSH:D000061,"[""""""Accidents, Home"""""",""""""Home Accidents""""""]"
MeSH:D000063,"[""""""Accidents, Traffic"""""",""""""Traffic Accidents""""""]"
MeSH:D000064,"[""""""Acclimatization"""""",""""""Acclimation""""""]"
MeSH:D000062,"[""""""Accidents, Occupational"""""",""""""Accidents, Industrial"""""",""""""Occupational Accidents"""""",""""""Industrial Accidents""""""]"
MeSH:D000065,"[""""""Accommodation, Ocular"""""",""""""Ocular Accommodation"""""",""""""Ocular Distance Accommodation"""""",""""""Accommodation, Lens""""""]"
MeSH:D000066,"[""""""Accounting""""""]"
MeSH:D000066428,"[""""""Coal Industry""""""]"
MeSH:D000066448,"[""""""Drunken Driving"""""",""""""Drunk Driving"""""",""""""Driving While Intoxicated"""""",""""""Driving Under the Influence"""""",""""""Drinking and Driving""""""]"
MeSH:D000066388,"[""""""Crude Oil Industry"""""",""""""Petroleum Industry"""""",""""""Oil and Gas Industry"""""",""""""Natural Gas Industry"""""",""""""Gas and Oil Industry"""""",""""""Industry, Natural Gas""""""]"
MeSH:D000066449,"[""""""Cells, Human Embryonic Stem"""""",""""""Human Embryonic Stem Cells"""""",""""""Stem Cells, Human Embryonic"""""",""""""hESCs"""""",""""""Human Embryonic Stem Cell""""""]"
MeSH:D000066450,"[""""""mESCs"""""",""""""Cells, Mouse Embryonic Stem"""""",""""""Stem Cells, Mouse Embryonic"""""",""""""Mouse Embryonic Stem Cells"""""",""""""Mouse Embryonic Stem Cell""""""]"
MeSH:D000066477,"[""""""Job Performance"""""",""""""Work Performance"""""",""""""Performance at Work""""""]"
MeSH:D000066473,"[""""""Germ Cells, Embryonic"""""",""""""EG Cells"""""",""""""Embryonic Germ Cells""""""]"
MeSH:D000066492,"[""""""Cognitive Aging""""""]"
MeSH:D000066491,"[""""""Medical Decision-Making"""""",""""""Clinical Decision-Making""""""]"
MeSH:D000066479,"[""""""Criminal Intent"""""",""""""Criminal Behavior"""""",""""""Illicit Behavior"""""",""""""Illegal Behavior"""""",""""""Criminal Conduct"""""",""""""Unlawful Behavior""""""]"
MeSH:D000066494,"[""""""Cognitive Neuroscience""""""]"
MeSH:D000066499,"[""""""Face Perception"""""",""""""Identity Recognition"""""",""""""Facial Recognition""""""]"
MeSH:D000066498,"[""""""Emotional Adjustment"""""",""""""Emotional Adaptation"""""",""""""Psychological Adjustment""""""]"
MeSH:D000066502,"[""""""Grandmother"""""",""""""Grandparent"""""",""""""Grandparents"""""",""""""Grandfather""""""]"
MeSH:D000066505,"[""""""Help-Seeking Behavior""""""]"
MeSH:D000066506,"[""""""Rule of Thumb"""""",""""""Heuristics""""""]"
MeSH:D000066511,"[""""""Intimate Partner Violence"""""",""""""Dating Violence"""""",""""""Intimate Partner Abuse""""""]"
MeSH:D000066550,"[""""""Physical Violence"""""",""""""Physical Maltreatment"""""",""""""Physical Abuse""""""]"
MeSH:D000066530,"[""""""Neurological Rehabilitation"""""",""""""Neurorehabilitation"""""",""""""Neurologic Rehabilitation""""""]"
MeSH:D000066553,"[""""""Dysfunctional Behavior, Psychology"""""",""""""Problem Behavior"""""",""""""Behavioral Problem"""""",""""""Disruptive Behavior""""""]"
MeSH:D000066630,"[""""""Ectopic Gene Expression"""""",""""""Ectopic Expression""""""]"
MeSH:D000066670,"[""""""Cell Plasticity"""""",""""""Cellular Plasticity""""""]"
MeSH:D000066673,"[""""""Cell Self Renewal"""""",""""""Stem Cell Renewal"""""",""""""Stem Cell Self-Renewal""""""]"
MeSH:D000066608,"[""""""Minimum Drinking Age"""""",""""""Underage Alcohol Use"""""",""""""Youth Alcohol Consumption"""""",""""""Teen Drinking"""""",""""""Youth Drinking"""""",""""""Teenage Drinking"""""",""""""Legal Drinking Age"""""",""""""Adolescent Alcohol Use"""""",""""""Adolescent Drinking"""""",""""""Adolescent Alcohol Consumption"""""",""""""Underage Drinking"""""",""""""Minimum Legal Drinking Age"""""",""""""Underage Alcohol Consumption""""""]"
MeSH:D000066768,"[""""""Rehabilitation Research""""""]"
MeSH:D000066792,"[""""""Orthodontists"""""",""""""Dentofacial Orthopedists""""""]"
MeSH:D000066888,"[""""""Diet, Food, and Nutrition""""""]"
MeSH:D000066794,"[""""""Maxillofacial Surgeons"""""",""""""Exodontists"""""",""""""Oral and Maxillofacial Surgeons"""""",""""""Oral Surgeons""""""]"
MeSH:D000066829,"[""""""Neuron Protection"""""",""""""Neuroprotection"""""",""""""Neural Protection"""""",""""""Neuronal Protection""""""]"
MeSH:D000066891,"[""""""Critical Care Outcomes""""""]"
MeSH:D000066889,"[""""""Triticale"""""",""""""Triticosecale"""""",""""""Triticum x Secale""""""]"
MeSH:D000066908,"[""""""Interactive Learning"""""",""""""Simulation Training""""""]"
MeSH:D000066949,"[""""""Biobehavioral Approach"""""",""""""Biobehavioral Model"""""",""""""Biobehavioral Sciences""""""]"
MeSH:D000066928,"[""""""Millets""""""]"
MeSH:D000066970,"[""""""Protein Corona""""""]"
MeSH:D000067,"[""""""Accounts Payable and Receivable"""""",""""""Accounts Payable""""""]"
MeSH:D000066988,"[""""""Ovo-Lacto Vegetarians"""""",""""""Lacto-Ovo Vegetarians"""""",""""""Vegetarians""""""]"
MeSH:D000066989,"[""""""Vegans""""""]"
MeSH:D000067010,"[""""""Illiteracy"""""",""""""Literacy""""""]"
MeSH:D000067009,"[""""""Adolescent Sports"""""",""""""Youth Sports"""""",""""""Organized Youth Sports"""""",""""""Children's Sports""""""]"
MeSH:D000067012,"[""""""Banking, Financial"""""",""""""Banking, Commercial"""""",""""""Bank Accounts"""""",""""""Checking Accounts"""""",""""""Savings Accounts"""""",""""""Banking, Personal""""""]"
MeSH:D000067013,"[""""""Evidence-Based Facility Design""""""]"
MeSH:D000067029,"[""""""Physical Appearance"""""",""""""Outward Appearance"""""",""""""Physical Appearance, Body"""""",""""""Body, Physical Appearance""""""]"
